"TreeID","Site","Canopy.Class","Species","DBH"
"GB1087","GB","Overstory","TSCA",57.7
"GB2066","GB","Overstory","FAGR",33.6
"GB2025","GB","Overstory","FAGR",55.5
"GB2012","GB","Overstory","FAGR",50.6
"GB1068","GB","Overstory","TSCA",36
"GB1062","GB","Overstory","FAGR",37.5
"GB1080","GB","Overstory","FAGR",40.9
"GB1076","GB","Overstory","TSCA",45.7
"GB1072","GB","Overstory","FAGR",37.9
"GB1066","GB","Overstory","TSCA",44.7
"GB1057","GB","Middle","FAGR",24.4
"GB1047","GB","Overstory","TSCA",44.1
"GB1024","GB","Overstory","TSCA",62.9
"GB1016","GB","Overstory","FAGR",40.3
"GB1013","GB","Overstory","TSCA",47.1
"GB1074","GB","Overstory","FAGR",29.3
"GB2082","GB","Middle","TSCA",32.7
"GB1073","GB","Understory","FAGR",10.2
"GB1058","GB","Overstory","TSCA",61.1
"GB1063","GB","Overstory","TSCA",44.6
"GB1082","GB","Overstory","TSCA",59.6
"GB1033","GB","Overstory","TSCA",38.7
"GE3002","GE","Middle","FAGR",22
"GE3003","GE","Overstory","ACRU",27.9
"GE2085","GE","Middle","QURU",39.4
"GE2083","GE","Understory","QURU",27
"GE3066","GE","Overstory","QURU",45.5
"GE3034","GE","Overstory","ACRU",42.1
"GE3057","GE","Overstory","ACRU",31.6
"GE3051","GE","Overstory","ACRU",41.5
"GE3047","GE","Overstory","ACRU",31.9
"GE3031","GE","Middle","FAGR",30.7
"GE3028","GE","Middle","FAGR",25.2
"GE3025","GE","Overstory","FAGR",25.8
"GE3022","GE","Middle","FAGR",24.3
"GE3015","GE","Overstory","QURU",53.5
"GE3004","GE","Overstory","FAGR",26.5
"GE1088","GE","Overstory","QURU",35.1
"GE1084","GE","Overstory","QURU",44.5
"GE2034","GE","Overstory","QURU",24.4
"GE2067","GE","Overstory","ACRU",31.9
"GE2058","GE","Overstory","QURU",36.3
"GE2051","GE","Understory","QURU",27.5
"GE2010","GE","Overstory","QURU",41.1
"GE1070","GE","Middle","QURU",40.5
"GE1032","GE","Overstory","QURU",29.7
"GE1057","GE","Overstory","QURU",47.9
"GE1040","GE","Overstory","QURU",40.4
"GE1042","GE","Overstory","QURU",50.3
"GE3005","GE","Overstory","ACRU",43.3
"GE1022","GE","Middle","QURU",27.9
"GE1014","GE","Middle","QURU",40.9
"GE1011","GE","Overstory","QURU",51.1
"GE1012","GE","Overstory","QURU",40.5
"GE3037","GE","Overstory","QURU",40.1
"GE1085","GE","Overstory","QURU",44.6
"GE1082","GE","Overstory","QURU",42
"GE3060","GE","Overstory","ACRU",40.8
"GE3050","GE","Overstory","FAGR",21.2
"GE3046","GE","Overstory","FAGR",22.6
"GE2076","GE","Middle","QURU",28.4
"GE3029","GE","Overstory","FAGR",32.1
"GE3026","GE","Overstory","FAGR",25.1
"GE3027","GE","Middle","FAGR",16
"GE3024","GE","Middle","FAGR",25.2
"GE2036","GE","Middle","QURU",44
"GE2065","GE","Overstory","QURU",57.2
"GE2090","GE","Middle","QURU",32.7
"GE2012","GE","Overstory","QURU",29.5
"GE2042","GE","Middle","QURU",32.6
"GE2022","GE","Overstory","QURU",37.9
"GE2008","GE","Overstory","QURU",42.3
"GE1010","GE","Overstory","ACRU",35
"GE1039","GE","Overstory","QURU",40.3
"GE1086","GE","Overstory","QURU",51.8
"GE1023","GE","Overstory","QURU",46.1
"GE1044","GE","Overstory","QURU",47.3
"GE1058","GE","Overstory","QURU",21.7
"GE3063","GE","Overstory","ACRU",41.3
"GE1051","GE","Understory","ACRU",15.2
"GE1030","GE","Middle","QURU",30.4
"GE1019","GE","Overstory","QURU",41.6
"GE3030","GE","Overstory","FAGR",21.3
"GE1020","GE","Overstory","QURU",42.9
"GE2018","GE","Middle","QURU",33.3
"HOW3021","HO","Middle","TSCA",26.2
"HOW2097","HO","Overstory","TSCA",22.8
"HOW3083","HO","Overstory","TSCA",43.4
"HOW3010","HO","Overstory","TSCA",33.2
"HOW2074","HO","Middle","TSCA",22.2
"HOW2005","HO","Overstory","TSCA",35.6
"HOW3026","HO","Overstory","TSCA",35.2
"HOW2042","HO","Middle","TSCA",28.1
"HOW3069","HO","Understory","TSCA",15.6
"HOW2056","HO","Overstory","TSCA",30.4
"HOW2033","HO","Overstory","TSCA",37.8
"HOW3079","HO","Middle","TSCA",22
"HOW2039","HO","Overstory","ACRU",15.2
"HOW3023","HO","Overstory","ACRU",29.3
"HOW3046","HO","Overstory","TSCA",37.5
"HOW2030","HO","Overstory","TSCA",34
"HOW3075","HO","Overstory","TSCA",18.7
"HOW2014","HO","Overstory","TSCA",31.9
"HOW2028","HO","Overstory","TSCA",23.7
"HOW2051","HO","Overstory","TSCA",43.2
"HOW2043","HO","Overstory","ACRU",32.1
"HOW3076","HO","Overstory","TSCA",42.8
"HOW2001","HO","Overstory","TSCA",31.3
"HOW3078","HO","Overstory","TSCA",36
"HOW2099","HO","Overstory","TSCA",28.5
"HOW3061","HO","Overstory","TSCA",44.4
"HOW3084","HO","Overstory","TSCA",47.1
"HOW3003","HO","Middle","TSCA",19.1
"HOW3012","HO","Overstory","TSCA",23.5
"HOW3029","HO","Overstory","TSCA",45.6
"HOW2095","HO","Overstory","TSCA",26
"HOW3047","HO","Overstory","TSCA",43
"HOW3014","HO","Overstory","TSCA",64.4
"HOW2023","HO","Middle","TSCA",28.3
"HOW2044","HO","Overstory","TSCA",45.9
"HOW1082","HO","Overstory","TSCA",40.5
"HOW3005","HO","Overstory","TSCA",48.4
"HOW3071","HO","Overstory","TSCA",43.2
"HOW2002","HO","Overstory","TSCA",35.1
"HOW3054","HO","Overstory","ACRU",33.2
"HOW3074","HO","Understory","TSCA",17
"HOW2064","HO","Middle","TSCA",23.2
"HOW3052","HO","Overstory","TSCA",38.9
"HOW3024","HO","Overstory","ACRU",43.4
"HOW3037","HO","Overstory","TSCA",41.3
"HOW3068","HO","Overstory","TSCA",36.2
"HOW3072","HO","Overstory","TSCA",31.2
"HOW2075","HO","Overstory","ACRU",35.3
"HOW3073","HO","Overstory","ACRU",27
"HOW2092","HO","Overstory","TSCA",25.7
"HOW3034","HO","Overstory","TSCA",39
"HOW3019","HO","Middle","TSCA",24.7
"HOW3070","HO","Understory","TSCA",15.4
"HOW2061","HO","Overstory","ACRU",34.6
"HOW1094","HO","Middle","TSCA",37.6
"HOW3020","HO","Overstory","TSCA",27.9
"HOW3066","HO","Overstory","TSCA",31.1
"HOW3033","HO","Overstory","ACRU",37
"HOW3077","HO","Overstory","TSCA",30.5
"LF3034","LF","Overstory","QURU",35.1
"LF3017","LF","Overstory","ACRU",50
"LF3006","LF","Overstory","QURU",61
"LF1022","LF","Overstory","QURU",67.5
"LF3042","LF","Middle","QURU",32
"LF2014","LF","Middle","ACRU",23.9
"NRP4092","NR","Overstory","TSCA",42.2
"NRP4093","NR","Middle","TSCA",31.2
"NRP4083","NR","Overstory","QURU",55
"NRP4080","NR","Overstory","TSCA",38.3
"NRP4069","NR","Overstory","TSCA",34.7
"NRP4071","NR","Overstory","TSCA",35
"NRP4059","NR","Overstory","ACRU",38.1
"NRP4060","NR","Overstory","QURU",44.5
"NRP4061","NR","Overstory","TSCA",34
"NRP4052","NR","Middle","TSCA",25.2
"NRP4049","NR","Overstory","TSCA",48
"NRP4050","NR","Understory","TSCA",16.2
"NRP4042","NR","Understory","TSCA",23.5
"NRP4039","NR","Overstory","TSCA",24.5
"NRP4033","NR","Overstory","TSCA",42.3
"NRP4028","NR","Overstory","TSCA",41
"NRP4022","NR","Overstory","FAGR",30.1
"NRP4136","NR","Overstory","TSCA",49.9
"NRP4137","NR","Overstory","TSCA",41
"NRP4018","NR","Overstory","ACRU",32.5
"NRP4015","NR","Overstory","TSCA",41.4
"NRP4011","NR","Overstory","TSCA",40.6
"NRP4007","NR","Overstory","TSCA",32.2
"NRP4100","NR","Overstory","TSCA",39.5
"NRP3085","NR","Overstory","TSCA",51.2
"NRP3081","NR","Overstory","TSCA",37.1
"NRP4097","NR","Overstory","TSCA",45.8
"NRP3061","NR","Overstory","TSCA",41
"NRP3058","NR","Overstory","QURU",53.1
"NRP3052","NR","Overstory","TSCA",29.8
"NRP3049","NR","Overstory","TSCA",52.4
"NRP3050","NR","Overstory","TSCA",47.8
"NRP3046","NR","Overstory","TSCA",58.2
"NRP3036","NR","Overstory","TSCA",68.7
"NRP3031","NR","Overstory","QURU",61
"NRP3022","NR","Overstory","QURU",54
"NRP4025","NR","Overstory","TSCA",51.8
"NRP4026","NR","Overstory","TSCA",44
"NRP4012","NR","Overstory","TSCA",45.7
"NRP4001","NR","Overstory","QURU",59.5
"NRP2046","NR","Middle","FAGR",36.8
"NRP3019","NR","Overstory","TSCA",61
"NRP2002","NR","Middle","FAGR",21
"NRP1037","NR","Middle","FAGR",41.5
"NRP1033","NR","Overstory","FAGR",43.3
"NRP3018","NR","Overstory","QURU",45.3
"NRP1005","NR","Overstory","FAGR",56.4
"NRP1018","NR","Overstory","FAGR",62
"NRP2055","NR","Middle","FAGR",38.3
"NRP1004","NR","Overstory","FAGR",48.2
"NRP4094","NR","Understory","TSCA",33
"NRP4075","NR","Overstory","QURU",44.9
"NRP4072","NR","Overstory","TSCA",34.5
"NRP4067","NR","Overstory","TSCA",47.6
"NRP4063","NR","Overstory","TSCA",28.5
"NRP4105","NR","Overstory","TSCA",36
"NRP4057","NR","Overstory","TSCA",20.9
"NRP4054","NR","Understory","TSCA",25.7
"NRP4055","NR","Overstory","TSCA",43.7
"NRP4047","NR","Overstory","TSCA",31.4
"NRP4044","NR","Overstory","TSCA",40.8
"NRP4045","NR","Overstory","TSCA",36.7
"NRP4041","NR","Overstory","TSCA",24.1
"NRP4034","NR","Overstory","TSCA",35
"NRP3084","NR","Overstory","TSCA",39.5
"NRP3054","NR","Overstory","TSCA",38.1
"NRP4019","NR","Overstory","TSCA",32.6
"NRP4016","NR","Overstory","TSCA",45.7
"NRP4005","NR","Overstory","TSCA",36.4
"NRP4101","NR","Overstory","TSCA",33.9
"NRP3086","NR","Overstory","TSCA",45.4
"NRP3082","NR","Overstory","TSCA",21.7
"NRP3053","NR","Overstory","TSCA",45.9
"NRP3024","NR","Overstory","QURU",51.7
"NRP4098","NR","Overstory","QURU",40.1
"NRP3062","NR","Overstory","TSCA",50.1
"NRP4144","NR","Overstory","QURU",54.8
"NRP3047","NR","Middle","TSCA",30.2
"NRP3044","NR","Overstory","TSCA",48.7
"NRP3045","NR","Understory","TSCA",18.4
"NRP3037","NR","Overstory","TSCA",63.5
"NRP3035","NR","Overstory","TSCA",52
"NRP3032","NR","Overstory","TSCA",72.2
"NRP2047","NR","Middle","FAGR",45.8
"NRP4068","NR","Overstory","TSCA",36.6
"NRP3011","NR","Overstory","TSCA",44.2
"NRP4017","NR","Overstory","TSCA",26.5
"NRP4014","NR","Overstory","TSCA",28
"NRP4006","NR","Overstory","TSCA",34.6
"NRP4002","NR","Overstory","TSCA",40.5
"NRP2052","NR","Middle","FAGR",32.8
"NRP1038","NR","Overstory","FAGR",55.7
"NRP4036","NR","Overstory","QURU",43.9
"NRP4104","NR","Overstory","TSCA",31.2
"NRP2027","NR","Middle","TSCA",52
"NRP2025","NR","Middle","FAGR",42.9
"NRP3057","NR","Overstory","TSCA",51.2
"NRP2007","NR","Overstory","FAGR",53.1
"NRP2005","NR","Understory","FAGR",14.4
"NRP1052","NR","Overstory","FAGR",43.2
"NRP1046","NR","Middle","FAGR",33
"NRP4102","NR","Overstory","QURU",50.2
"NRP3012","NR","Overstory","QURU",51.5
"NRP1016","NR","Overstory","FAGR",57.2
"NRP3001","NR","Overstory","TSCA",66.4
"NRP4130","NR","Overstory","TSCA",49.5
"NRP4095","NR","Overstory","TSCA",42.2
"NRP4089","NR","Overstory","TSCA",46
"NRP4112","NR","Overstory","TSCA",33.5
"NRP4078","NR","Overstory","TSCA",32.4
"NRP4129","NR","Overstory","TSCA",39
"NRP4134","NR","Overstory","TSCA",53.5
"NRP4143","NR","Overstory","TSCA",35.4
"NRP4096","NR","Overstory","TSCA",33.3
"NRP4048","NR","Overstory","TSCA",30.5
"NRP4020","NR","Overstory","TSCA",39.6
"NRP3048","NR","Overstory","QURU",57.3
"NRP4142","NR","Overstory","TSCA",38.2
"NRP4009","NR","Understory","TSCA",22.2
"NRP3038","NR","Overstory","TSCA",32.6
"NRP2011","NR","Understory","FAGR",13.9
"NRP4099","NR","Overstory","TSCA",41.3
"NRP4131","NR","Overstory","QURU",47.5
"NRP4147","NR","Overstory","TSCA",49
"PS2141","PS","Overstory","TSCA",39.2
"PS2143","PS","Overstory","TSCA",50.5
"PS2137","PS","Overstory","TSCA",40.5
"PS2115","PS","Overstory","FAGR",28
"PS2098","PS","Overstory","TSCA",42
"PS2090","PS","Overstory","TSCA",42
"PS2083","PS","Overstory","TSCA",31.8
"PS2076","PS","Overstory","TSCA",42.3
"PS2054","PS","Overstory","TSCA",25
"PS2049","PS","Overstory","TSCA",24.6
"PS2046","PS","Overstory","TSCA",34.5
"PS1131","PS","Overstory","TSCA",34.9
"PS1138","PS","Overstory","TSCA",30.6
"PS1129","PS","Overstory","FAGR",33.3
"PS1130","PS","Overstory","FAGR",28.8
"PS1123","PS","Overstory","TSCA",23.4
"PS1119","PS","Overstory","FAGR",29
"PS1111","PS","Middle","TSCA",25.6
"PS1107","PS","Overstory","TSCA",36.8
"PS1105","PS","Overstory","TSCA",32
"PS1101","PS","Overstory","TSCA",43.9
"PS1097","PS","Middle","TSCA",20.7
"PS1094","PS","Middle","TSCA",25.2
"PS1095","PS","Overstory","TSCA",29.9
"PS1091","PS","Overstory","TSCA",33.2
"PS1088","PS","Overstory","TSCA",35.9
"PS1082","PS","Overstory","TSCA",36.1
"PS1072","PS","Middle","ACRU",15.5
"PS1073","PS","Understory","TSCA",15
"PS1033","PS","Overstory","FAGR",25.7
"PS1034","PS","Overstory","FAGR",39
"PS1060","PS","Overstory","TSCA",43.4
"PS1057","PS","Overstory","TSCA",39.3
"PS1053","PS","Overstory","TSCA",42.4
"PS1055","PS","Overstory","TSCA",33
"PS1043","PS","Overstory","TSCA",27
"PS1040","PS","Overstory","TSCA",38
"PS1035","PS","Overstory","TSCA",36.5
"PS1004","PS","Overstory","TSCA",37.5
"PS1025","PS","Overstory","TSCA",34.5
"PS1021","PS","Overstory","TSCA",33.9
"PS1022","PS","Overstory","TSCA",36
"PS1013","PS","Overstory","FAGR",28.2
"PS1002","PS","Overstory","FAGR",37.7
"PS2144","PS","Overstory","TSCA",53.2
"PS2138","PS","Overstory","TSCA",36.9
"PS2106","PS","Overstory","TSCA",34.3
"PS2107","PS","Overstory","TSCA",65.6
"PS2104","PS","Overstory","TSCA",56.5
"PS1099","PS","Overstory","ACRU",36.3
"PS1039","PS","Understory","TSCA",10.7
"PS2075","PS","Overstory","TSCA",43
"PS2071","PS","Overstory","TSCA",39.2
"PS2067","PS","Overstory","TSCA",21.2
"PS2064","PS","Overstory","TSCA",24.4
"PS2065","PS","Middle","FAGR",20.4
"PS2058","PS","Overstory","TSCA",29.7
"PS1067","PS","Overstory","TSCA",32
"PS2045","PS","Understory","TSCA",13.4
"PS2031","PS","Overstory","TSCA",50.3
"PS1136","PS","Overstory","TSCA",38.5
"PS1133","PS","Overstory","TSCA",50.7
"PS1102","PS","Overstory","TSCA",31.2
"PS1098","PS","Overstory","TSCA",37.3
"PS1103","PS","Overstory","ACRU",30.2
"PS1124","PS","Overstory","TSCA",24.6
"PS1122","PS","Overstory","FAGR",31.2
"PS1110","PS","Overstory","TSCA",34.9
"PS1106","PS","Overstory","ACRU",31.9
"PS1074","PS","Middle","TSCA",20.7
"PS1092","PS","Overstory","TSCA",27.8
"PS1090","PS","Overstory","TSCA",34.6
"PS1071","PS","Understory","TSCA",19.2
"PS1083","PS","Overstory","TSCA",41
"PS1089","PS","Overstory","TSCA",33.7
"PS1081","PS","Understory","TSCA",13.2
"PS1087","PS","Middle","TSCA",23
"PS1041","PS","Overstory","FAGR",35.1
"PS1058","PS","Overstory","TSCA",39.9
"PS1061","PS","Overstory","TSCA",40.2
"PS1047","PS","Understory","TSCA",10.5
"PS1014","PS","Overstory","FAGR",43
"PS1011","PS","Overstory","FAGR",27.5
"PS1016","PS","Overstory","TSCA",25.2
"PS1024","PS","Overstory","TSCA",35
"PS1093","PS","Overstory","TSCA",23.3
"PS1062","PS","Overstory","TSCA",31.1
"PS2037","PS","Overstory","TSCA",49.3
"PS1020","PS","Overstory","TSCA",38.2
"PS1030","PS","Overstory","TSCA",35
"PS2068","PS","Overstory","TSCA",33.2
"RH2117","RH","Overstory","QURU",40.4
"RH2013","RH","Overstory","QURU",42.4
"RH2114","RH","Overstory","QURU",48.1
"RH2110","RH","Middle","QURU",34
"RH2085","RH","Middle","ACRU",30.1
"RH2049","RH","Overstory","QURU",56.5
"RH2075","RH","Middle","QURU",34.6
"RH2072","RH","Overstory","QURU",42.6
"RH2073","RH","Overstory","QURU",39
"RH2068","RH","Overstory","QURU",37.6
"RH2060","RH","Overstory","QURU",42.7
"RH2054","RH","Overstory","QURU",40.6
"RH1005","RH","Middle","ACRU",17.2
"RH2041","RH","Middle","ACRU",34.7
"RH2036","RH","Overstory","QURU",44.7
"RH2037","RH","Overstory","QURU",42.6
"RH2033","RH","Overstory","QURU",37.5
"RH2020","RH","Overstory","QURU",47.2
"RH2014","RH","Overstory","QURU",34.2
"RH2010","RH","Overstory","QURU",50.7
"RH2011","RH","Overstory","QURU",48.2
"RH1094","RH","Overstory","QURU",46.1
"RH1086","RH","Overstory","ACRU",23.5
"RH1043","RH","Overstory","QURU",33.6
"RH1044","RH","Overstory","QURU",35.2
"RH1079","RH","Overstory","QURU",43.4
"RH1066","RH","Middle","QURU",21.3
"RH1045","RH","Overstory","QURU",24.7
"RH1042","RH","Overstory","QURU",43.5
"RH1022","RH","Overstory","QURU",27.4
"RH1016","RH","Overstory","QURU",40.9
"RH2086","RH","Overstory","QURU",55.1
"RH2053","RH","Overstory","QURU",43.9
"RH2115","RH","Overstory","ACRU",42.2
"RH2111","RH","Overstory","QURU",36.3
"RH2113","RH","Middle","ACRU",33.5
"RH2089","RH","Overstory","QURU",49.7
"RH2052","RH","Middle","ACRU",20.6
"RH1047","RH","Overstory","QURU",23.9
"RH2076","RH","Overstory","QURU",66
"RH2070","RH","Middle","QURU",30.9
"RH2065","RH","Overstory","QURU",53.4
"RH2061","RH","Middle","ACRU",22.8
"RH2015","RH","Overstory","QURU",32.1
"RH1014","RH","Overstory","QURU",60
"RH2034","RH","Overstory","QURU",31.4
"RH1046","RH","Overstory","QURU",36.5
"RH1097","RH","Middle","FAGR",21.2
"RH1073","RH","Overstory","QURU",35.5
"RH1067","RH","Middle","QURU",21.8
"RH1080","RH","Overstory","QURU",33.7
"RH1057","RH","Overstory","QURU",38.5
"RH1040","RH","Overstory","ACRU",23.7
"RH1023","RH","Overstory","QURU",41.1
"RH1021","RH","Overstory","QURU",31.3
"RH2009","RH","Overstory","QURU",44.9
"RH1017","RH","Overstory","ACRU",39
"RH1064","RH","Understory","ACRU",11.8
"RH1024","RH","Middle","ACRU",20.1
"RH2116","RH","Overstory","QURU",51.7
"RH2035","RH","Overstory","QURU",48.6
"TP1025","HF","Overstory","QURU",37.7
"TP1042","HF","Overstory","QURU",32.8
"HOW3027","HO","Overstory","TSCA",26.6
"LF2049","LF","Overstory","QURU",44.6
"LF3043","LF","Overstory","QURU",54.8
"NRP4038","NR","Overstory","TSCA",33.4
"NRP3041","NR","Overstory","ACRU",26.5
"PS1115","PS","Middle","TSCA",23.6
"RH1083","RH","Overstory","QURU",30.6
"RH1087","RH","Overstory","QURU",25.8
"GE1036","GE","Overstory","QURU",47.4
"TP1031","HF","Middle","ACRU",19
"TP1015","HF","Middle","ACRU",17.3
"HOW2031","HO","Understory","TSCA",11.8
"HOW3009","HO","Overstory","TSCA",34.1
"LF2040","LF","Understory","ACRU",25.6
"NRP4065","NR","Overstory","TSCA",35.8
"NRP3060","NR","Overstory","ACRU",30.2
"NRP3002","NR","Overstory","TSCA",40.2
"PS2069","PS","Overstory","TSCA",30
"PS2060","PS","Overstory","TSCA",27.9
"PS1015","PS","Middle","TSCA",22.5
"PS2109","PS","Overstory","TSCA",34.2
"RH2047","RH","Understory","QURU",18.4
"RH2002","RH","Overstory","ACRU",23.1
"GE2071","GE","Understory","ACRU",13.6
"TP1044","HF","Overstory","QURU",43.3
"TP1003","HF","Middle","ACRU",14
"TP1047","HF","Overstory","QURU",44.2
"TP1012","HF","Overstory","QURU",33.9
"HOW2007","HO","Overstory","TSCA",25.3
"HOW3013","HO","Overstory","TSCA",30.3
"HOW3022","HO","Overstory","TSCA",31.4
"NRP1035","NR","Overstory","ACRU",49.5
"PS2019","PS","Overstory","TSCA",38.5
"RH1101","RH","Overstory","QURU",33.3
"GE3067","GE","Overstory","FAGR",20.4
"GE1038","GE","Middle","ACRU",51.8
"TP1071","HF","Overstory","QURU",39
"TP1043","HF","Overstory","QURU",37.7
"LF2009","LF","Middle","QURU",31.2
"NRP3014","NR","Overstory","ACRU",32.8
"PS2055","PS","Overstory","TSCA",28.5
"PS2092","PS","Understory","TSCA",21.2
"PS1085","PS","Understory","TSCA",15.5
"RH2029","RH","Understory","FAGR",17.9
"RH1003","RH","Overstory","ACRU",28
"RH1061","RH","Middle","QURU",26.9
"GB1026","GB","Overstory","TSCA",68.5
"GE2089","GE","Overstory","QURU",38.3
"TP1053","HF","Overstory","QURU",44
"TP1022","HF","Overstory","QURU",36.5
"TP1065","HF","Middle","QURU",24.6
"TP1017","HF","Overstory","QURU",40.6
"TP1054","HF","Overstory","QURU",32.8
"TP1066","HF","Overstory","QURU",35.6
"TP1039","HF","Middle","QURU",53
"TP1062","HF","Overstory","QURU",36.9
"HOW3042","HO","Overstory","TSCA",34.8
"LF2050","LF","Overstory","QURU",49.6
"LF2019","LF","Understory","ACRU",23.2
"LF2034","LF","Overstory","QURU",55.9
"LF2008","LF","Overstory","QURU",53.8
"LF3040","LF","Overstory","QURU",41.9
"LF2010","LF","Overstory","QURU",58.4
"LF3035","LF","Middle","ACRU",27.7
"LF3041","LF","Overstory","QURU",45.4
"NRP4064","NR","Middle","TSCA",31.2
"NRP4051","NR","Middle","TSCA",29.5
"PS1135","PS","Overstory","TSCA",44.7
"RH1098","RH","Overstory","ACRU",34.2
"RH2043","RH","Understory","ACRU",10.4
"TP1034","HF","Overstory","QURU",47.3
"LF1020","LF","Overstory","QURU",69
"LF2026","LF","Overstory","QURU",50.9
"LF2016","LF","Understory","ACRU",15.7
"LF2001","LF","Middle","ACRU",19.4
"LF2011","LF","Overstory","QURU",38.2
"NRP4082","NR","Understory","TSCA",20
"PS1132","PS","Overstory","TSCA",63.9
"PS1116","PS","Understory","TSCA",11.6
"RH2027","RH","Understory","FAGR",16.4
"RH1015","RH","Overstory","QURU",45.4
"RH1049","RH","Overstory","QURU",46
"GB1045","GB","Overstory","TSCA",32.1
"GB2046","GB","Overstory","FAGR",23.9
"GE3035","GE","Middle","FAGR",17.5
"GE1097","GE","Overstory","QURU",30.5
"HOW3038","HO","Overstory","TSCA",37
"HOW3043","HO","Overstory","TSCA",36.8
"HOW2011","HO","Middle","TSCA",22.5
"LF1039","LF","Understory","ACRU",21.7
"LF2033","LF","Overstory","QURU",42.8
"LF2039","LF","Overstory","QURU",45.4
"LF2024","LF","Understory","ACRU",15.2
"NRP1030","NR","Overstory","ACRU",44.8
"NRP4091","NR","Overstory","TSCA",33
"NRP4138","NR","Understory","TSCA",21.5
"RH2022","RH","Overstory","ACRU",25.2
"RH2092","RH","Middle","ACRU",18.9
"RH2030","RH","Understory","FAGR",21
"RH1085","RH","Middle","ACRU",17.3
"RH1068","RH","Overstory","QURU",41.6
"TP1070","HF","Overstory","QURU",43.7
"HOW3067","HO","Overstory","TSCA",25.7
"HOW2037","HO","Overstory","TSCA",22.7
"LF1040","LF","Overstory","QURU",53.9
"LF1015","LF","Middle","QURU",49.4
"LF2030","LF","Middle","ACRU",20
"LF2037","LF","Middle","ACRU",25.2
"LF2012","LF","Understory","ACRU",12.2
"NRP4088","NR","Overstory","TSCA",50.7
"PS1070","PS","Overstory","TSCA",40.8
"RH2001","RH","Understory","FAGR",10.1
"GE3042","GE","Overstory","ACRU",26
"TP1052","HF","Overstory","QURU",37.3
"TP1050","HF","Middle","QURU",27.1
"HOW3008","HO","Overstory","TSCA",29.3
"HOW3053","HO","Overstory","TSCA",27.3
"LF1032","LF","Overstory","QURU",63.2
"LF3039","LF","Overstory","QURU",36.8
"LF1038","LF","Understory","FAGR",38.8
"LF3033","LF","Overstory","QURU",34.4
"LF3032","LF","Overstory","QURU",48.8
"LF1031","LF","Understory","QURU",28.6
"LF1030","LF","Overstory","QURU",44.6
"LF2038","LF","Overstory","QURU",53.1
"LF2022","LF","Middle","ACRU",21.2
"NRP3027","NR","Middle","FAGR",12.4
"NRP1039","NR","Overstory","FAGR",30
"NRP4139","NR","Overstory","TSCA",40.5
"PS2114","PS","Overstory","TSCA",27.5
"PS2062","PS","Overstory","TSCA",27.9
"RH2023","RH","Understory","FAGR",10
"RH1001","RH","Understory","ACRU",15.3
"RH1034","RH","Middle","ACRU",17.6
"GB2038","GB","Overstory","FAGR",26.8
"GB2061","GB","Overstory","FAGR",42.3
"TP1056","HF","Overstory","QURU",41
"HOW3060","HO","Overstory","TSCA",28
"LF1033","LF","Overstory","QURU",50.6
"LF1009","LF","Overstory","FAGR",33.9
"LF3038","LF","Overstory","QURU",46.7
"NRP4031","NR","Overstory","TSCA",39.5
"PS1108","PS","Understory","TSCA",11.5
"RH2045","RH","Understory","FAGR",16.7
"RH1056","RH","Overstory","QURU",28.5
"RH1072","RH","Overstory","QURU",44
"RH1092","RH","Middle","ACRU",20.5
"TP1057","HF","Overstory","QURU",38.5
"HOW2085","HO","Middle","TSCA",15.7
"HOW2038","HO","Overstory","TSCA",23.1
"HOW2008","HO","Overstory","TSCA",24.7
"LF2047","LF","Middle","QURU",33.5
"LF1041","LF","Overstory","QURU",43.2
"LF3031","LF","Overstory","QURU",51
"LF1005","LF","Understory","ACRU",15.6
"LF1010","LF","Overstory","ACRU",29.4
"LF2031","LF","Understory","ACRU",10.8
"NRP4076","NR","Middle","TSCA",27.9
"PS2030","PS","Overstory","TSCA",31.8
"RH1062","RH","Overstory","QURU",37.9
"TP1011","HF","Understory","FAGR",14.3
"LF2028","LF","Middle","ACRU",22.2
"LF2036","LF","Overstory","QURU",76.5
"LF2042","LF","Overstory","QURU",50.5
"HOW3058","HO","Overstory","TSCA",27.6
"LF1012","LF","Overstory","QURU",59
"NRP4004","NR","Overstory","TSCA",26.5
"PS1069","PS","Middle","TSCA",22.4
"PS2139","PS","Overstory","TSCA",37.7
"RH2055","RH","Overstory","QURU",34.3
"GB2052","GB","Understory","FAGR",27.5
"TP1055","HF","Understory","QURU",27.5
"LF1037","LF","Overstory","QURU",39.5
"NRP4008","NR","Overstory","TSCA",22.5
"NRP4058","NR","Overstory","TSCA",32.5
"RH2016","RH","Overstory","ACRU",31.4
"RH2005","RH","Overstory","QURU",34.4
"GE2092","GE","Middle","QURU",20.4
"LF2032","LF","Understory","ACRU",24.5
"LF1043","LF","Understory","ACRU",21
"LF2020","LF","Overstory","QURU",49.4
"LF2025","LF","Overstory","QURU",58.5
"PS2132","PS","Overstory","TSCA",29.3
"PS2126","PS","Middle","TSCA",19.5
"PS1084","PS","Understory","TSCA",14.8
"TP1060","HF","Overstory","QURU",38.1
"HOW3007","HO","Overstory","TSCA",39.8
"LF3023","LF","Middle","QURU",22.3
"LF1013","LF","Middle","QURU",43
"LF1016","LF","Overstory","QURU",41.9
"NRP1040","NR","Overstory","FAGR",35.2
"PS2053","PS","Overstory","TSCA",20.8
"RH2106","RH","Middle","QURU",40.8
"GB1003","GB","Understory","FAGR",19.8
"TP1064","HF","Overstory","QURU",31.3
"HOW2025","HO","Overstory","ACRU",25.7
"LF1004","LF","Middle","ACRU",30.4
"LF2044","LF","Overstory","ACRU",23.9
"LF2046","LF","Overstory","QURU",39.8
"PS2142","PS","Overstory","TSCA",35.5
"RH2118","RH","Overstory","ACRU",36.6
"RH2067","RH","Middle","ACRU",12.4
"RH1099","RH","Overstory","QURU",36.8
"TP1046","HF","Overstory","QURU",34
"LF1002","LF","Overstory","QURU",66
"LF1003","LF","Understory","ACRU",22.3
"LF2018","LF","Understory","ACRU",16.3
"NRP4056","NR","Overstory","TSCA",34.8
"PS1029","PS","Understory","TSCA",17.5
"PS2074","PS","Overstory","TSCA",33.2
"PS2047","PS","Overstory","TSCA",29
"RH1084","RH","Middle","ACRU",17.9
"TP1038","HF","Understory","ACRU",19.7
"LF2004","LF","Middle","ACRU",21.6
"PS2023","PS","Overstory","TSCA",31.9
"PS2044","PS","Understory","TSCA",13.5
"HOW3044","HO","Overstory","TSCA",33.1
"HOW3082","HO","Overstory","ACRU",39.2
"HOW3062","HO","Overstory","ACRU",31.1
"RH1019","RH","Overstory","QURU",43.2
"RH2097","RH","Understory","FAGR",18.8
"RH2003","RH","Middle","FAGR",21.1
"GE2096","GE","Overstory","QURU",39.9
"PS1121","PS","Overstory","TSCA",26.2
"HOW2081","HO","Understory","TSCA",11.9
"LF3037","LF","Overstory","QURU",46.5
"LF2043","LF","Middle","ACRU",25.7
"PS1026","PS","Overstory","TSCA",32
"RH1031","RH","Overstory","ACRU",22.9
"RH2071","RH","Middle","QURU",33.5
"HOW3048","HO","Middle","TSCA",21
"RH1059","RH","Middle","ACRU",21.2
"HOW3063","HO","Overstory","ACRU",22.6
"LF3051","LF","Overstory","QURU",46.4
"LF2017","LF","Middle","QURU",31.3
"PS2043","PS","Overstory","TSCA",18.7
"RH1053","RH","Middle","ACRU",19.3
"GB2071","GB","Overstory","FAGR",21.6
"GE1071","GE","Middle","QURU",30.7
"HOW3001","HO","Overstory","TSCA",26.6
"HOW2018","HO","Overstory","ACRU",33
"HOW1007","HO","Overstory","ACRU",27
"HOW3011","HO","Understory","TSCA",13.7
"LF3022","LF","Middle","QURU",24.8
"LF3008","LF","Middle","QURU",24.5
"LF3004","LF","Overstory","QURU",32.9
"LF3014","LF","Overstory","QURU",35.8
"NRP1044","NR","Middle","FAGR",18.8
"PS2096","PS","Overstory","TSCA",22.4
"PS2014","PS","Understory","TSCA",21.1
"PS2111","PS","Overstory","TSCA",31.7
"PS2079","PS","Overstory","FAGR",27.6
"PS1003","PS","Understory","TSCA",13.2
"RH2074","RH","Middle","QURU",30.4
"RH1102","RH","Overstory","QURU",56.6
"GB1071","GB","Understory","FAGR",22.5
"GE3020","GE","Middle","FAGR",14.1
"HOW3051","HO","Middle","ACRU",14
"HOW1037","HO","Middle","TSCA",33.7
"LF3021","LF","Overstory","QURU",58.9
"LF3019","LF","Overstory","QURU",39.6
"LF3002","LF","Middle","QURU",19.8
"RH2006","RH","Overstory","ACRU",20.2
"HOW3055","HO","Overstory","TSCA",31.6
"HOW2083","HO","Overstory","ACRU",25.2
"HOW2060","HO","Middle","TSCA",18.4
"HOW2048","HO","Overstory","ACRU",23.4
"LF3044","LF","Middle","QURU",27.7
"LF2021","LF","Middle","QURU",36.1
"LF3028","LF","Understory","QURU",26
"LF3029","LF","Overstory","QURU",36.1
"LF3045","LF","Overstory","QURU",42.2
"LF3046","LF","Understory","ACRU",22.7
"LF3003","LF","Understory","FAGR",20.3
"LF3026","LF","Understory","QURU",18.8
"LF3009","LF","Overstory","ACRU",35.5
"NRP4090","NR","Overstory","TSCA",39.9
"NRP4132","NR","Overstory","TSCA",29.2
"NRP1029","NR","Understory","FAGR",20.7
"PS2102","PS","Overstory","TSCA",36.6
"PS2094","PS","Overstory","TSCA",28.2
"PS1042","PS","Overstory","TSCA",35.1
"PS2125","PS","Overstory","TSCA",16.7
"RH2082","RH","Overstory","QURU",46.7
"RH2050","RH","Understory","FAGR",12.2
"RH2103","RH","Overstory","QURU",37.4
"TP1051","HF","Understory","TSCA",30.6
"HOW1005","HO","Middle","TSCA",17.8
"HOW2054","HO","Understory","TSCA",18.8
"LF3053","LF","Understory","QURU",25.9
"NRP1019","NR","Middle","FAGR",22.6
"PS2052","PS","Overstory","TSCA",25.4
"PS1078","PS","Middle","TSCA",10.2
"GE2050","GE","Understory","ACRU",15.1
"HOW1014","HO","Overstory","TSCA",25.5
"HOW3032","HO","Middle","ACRU",23.9
"LF1036","LF","Overstory","QURU",37.5
"LF2048","LF","Middle","ACRU",29.4
"NRP1020","NR","Overstory","FAGR",61.3
"PS2029","PS","Overstory","TSCA",35
"PS2063","PS","Overstory","TSCA",38.3
"PS2021","PS","Overstory","TSCA",33.2
"PS2110","PS","Overstory","TSCA",34.7
"RH1036","RH","Middle","ACRU",20.8
"HOW1069","HO","Overstory","TSCA",25.8
"HOW1090","HO","Middle","ACRU",17.7
"LF3050","LF","Overstory","QURU",33.7
"LF3005","LF","Middle","QURU",19
"LF1035","LF","Understory","ACRU",28.1
"NRP4079","NR","Overstory","TSCA",32.2
"PS2113","PS","Overstory","TSCA",39.3
"PS2061","PS","Overstory","TSCA",24.7
"PS1086","PS","Understory","TSCA",16.8
"RH1055","RH","Understory","FAGR",14.4
"HOW2062","HO","Overstory","TSCA",34.9
"LF3001","LF","Overstory","QURU",37.9
"PS2122","PS","Overstory","TSCA",21.2
"PS2097","PS","Overstory","TSCA",25
"PS2008","PS","Overstory","TSCA",23.1
"PS2038","PS","Overstory","TSCA",30.7
"GE3001","GE","Understory","FAGR",10.1
"HOW1116","HO","Middle","ACRU",18.2
"HOW1024","HO","Middle","TSCA",18.4
"HOW1117","HO","Overstory","ACRU",14.5
"PS2085","PS","Overstory","TSCA",22.8
"PS1096","PS","Overstory","TSCA",50.5
"PS1032","PS","Middle","TSCA",13.3
"GB1037","GB","Overstory","TSCA",39.2
"TP1073","HF","Understory","TSCA",35.2
"LF3049","LF","Understory","ACRU",21.1
"NRP2032","NR","Understory","FAGR",17
"PS2087","PS","Understory","TSCA",17.2
"PS1112","PS","Middle","TSCA",21.3
"PS2018","PS","Overstory","TSCA",26.9
"PS2124","PS","Middle","TSCA",16.4
"GB1022","GB","Overstory","FAGR",21.8
"GE3033","GE","Overstory","ACRU",44.9
"TP2028","HF","Understory","ACRU",12.7
"TP2030","HF","Understory","ACRU",10.8
"TP2017","HF","Overstory","QURU",36.8
"TP2007","HF","Understory","ACRU",11.3
"TP2020","HF","Understory","ACRU",10.2
"TP2003","HF","Understory","ACRU",14
"TP2016","HF","Understory","ACRU",10.1
"HOW2089","HO","Overstory","TSCA",23.9
"HOW1076","HO","Understory","TSCA",14.3
"TP2050","HF","Understory","ACRU",12.2
"TP2077","HF","Understory","QURU",23.9
"TP2069","HF","Overstory","QURU",39.9
"TP2051","HF","Understory","QURU",22.4
"TP2084","HF","Understory","TSCA",37
"TP2026","HF","Understory","QURU",20.4
"TP2066","HF","Overstory","QURU",43.6
"TP2083","HF","Overstory","QURU",29.2
"HOW1012","HO","Overstory","TSCA",27.8
"LF1042","LF","Overstory","QURU",53.4
"LF3025","LF","Understory","ACRU",15.4
"LF3054","LF","Middle","FAGR",23.6
"NRP4073","NR","Overstory","TSCA",33.7
"PS2112","PS","Overstory","TSCA",24.8
"PS2105","PS","Middle","TSCA",24.8
"GE2046","GE","Middle","QURU",36.2
"TP2010","HF","Understory","TSCA",16.8
"TP2057","HF","Middle","QURU",27.9
"TP2055","HF","Overstory","QURU",30.4
"TP2024","HF","Overstory","QURU",30
"TP2006","HF","Middle","QURU",22.3
"TP2041","HF","Overstory","QURU",52.9
"TP2067","HF","Overstory","QURU",34.6
"TP2015","HF","Understory","ACRU",13.4
"TP2056","HF","Overstory","QURU",25.1
"HOW1008","HO","Understory","TSCA",15.2
"NRP3039","NR","Overstory","ACRU",30
"PS2034","PS","Overstory","TSCA",35
"PS2006","PS","Overstory","ACRU",33.6
"PS2103","PS","Middle","TSCA",25.2
"RH1037","RH","Overstory","ACRU",22.6
"GE1009","GE","Middle","ACRU",22
"GE2009","GE","Middle","ACRU",19.5
"TP2019","HF","Overstory","QURU",33.4
"TP2086","HF","Overstory","QURU",28.5
"TP2018","HF","Overstory","QURU",29.7
"TP2042","HF","Overstory","QURU",46
"TP2081","HF","Overstory","QURU",31
"TP2045","HF","Overstory","QURU",33.4
"HOW2077","HO","Overstory","TSCA",20.1
"HOW3004","HO","Overstory","TSCA",32.1
"HOW2100","HO","Middle","TSCA",26.4
"HOW2032","HO","Overstory","ACRU",28
"HOW2072","HO","Overstory","TSCA",27.1
"PS2033","PS","Overstory","TSCA",30.7
"GB2028","GB","Overstory","FAGR",34.1
"TP2054","HF","Overstory","QURU",31.7
"TP2029","HF","Understory","FAGR",18.2
"HOW3059","HO","Understory","TSCA",10.8
"HOW1105","HO","Middle","ACRU",16.4
"PS2026","PS","Overstory","TSCA",37.5
"PS2089","PS","Overstory","TSCA",31.8
"RH2098","RH","Overstory","QURU",36.7
"TP2013","HF","Middle","ACRU",12.1
"TP2021","HF","Middle","ACRU",16.5
"TP2031","HF","Overstory","QURU",27.9
"NRP4074","NR","Overstory","TSCA",38.1
"PS2057","PS","Overstory","TSCA",25.1
"GE1005","GE","Understory","ACRU",13.8
"TP2085","HF","Middle","QURU",22.4
"TP2005","HF","Overstory","QURU",43.9
"TP2079","HF","Understory","QURU",21.5
"TP2014","HF","Overstory","QURU",36.9
"TP2033","HF","Middle","QURU",30.8
"TP2038","HF","Middle","QURU",19.5
"TP2008","HF","Overstory","QURU",35.4
"TP2060","HF","Middle","QURU",21.3
"TP2035","HF","Overstory","ACRU",22.1
"HOW1011","HO","Overstory","TSCA",42.5
"HOW2065","HO","Overstory","TSCA",20.2
"NRP3055","NR","Overstory","FAGR",37.1
"NRP4109","NR","Understory","TSCA",20.5
"PS2118","PS","Understory","TSCA",15.5
"GE1049","GE","Overstory","ACRU",27
"TP2049","HF","Middle","QURU",28.6
"TP2068","HF","Overstory","QURU",30.6
"TP2078","HF","Understory","TSCA",26.8
"TP2080","HF","Overstory","QURU",32.5
"HOW3064","HO","Overstory","TSCA",44.5
"HOW3035","HO","Understory","TSCA",10.3
"LF3024","LF","Understory","ACRU",17.5
"LF3013","LF","Understory","ACRU",15.8
"PS2116","PS","Understory","TSCA",14.1
"TP2027","HF","Middle","QURU",28.5
"TP2043","HF","Understory","ACRU",13.4
"PS2020","PS","Overstory","TSCA",31.5
"PS2027","PS","Overstory","TSCA",23.2
"GE1090","GE","Understory","ACRU",18.6
"GE2041","GE","Overstory","QURU",38
"TP2044","HF","Middle","QURU",31.6
"NRP1006","NR","Middle","FAGR",23.9
"GB1055","GB","Overstory","FAGR",20.2
"GB1054","GB","Understory","FAGR",13.6
"GB2006","GB","Middle","FAGR",20.5
"GB2074","GB","Middle","FAGR",19
"TP2063","HF","Understory","QURU",22.3
"NRP3010","NR","Overstory","TSCA",28.5
"NRP4108","NR","Overstory","TSCA",31.5
"PS2035","PS","Understory","TSCA",13.8
"GE3054","GE","Middle","ACRU",15.9
"TP2072","HF","Overstory","QURU",32.1
"TP1069","HF","Understory","TSCA",31.5
"TP2076","HF","Understory","ACRU",20.9
"HOW3080","HO","Overstory","TSCA",34
"HOW2026","HO","Overstory","TSCA",36.5
"LF1018","LF","Overstory","ACRU",26
"NRP3013","NR","Overstory","ACRU",22.7
"NRP3087","NR","Overstory","ACRU",31.8
"PS2140","PS","Overstory","TSCA",32.2
"PS1017","PS","Overstory","TSCA",30.5
"PS1019","PS","Overstory","TSCA",26.8
"PS2005","PS","Understory","TSCA",22.8
"PS2017","PS","Overstory","TSCA",24.9
"RH2105","RH","Middle","FAGR",18.2
"GE2080","GE","Middle","ACRU",10.5
"TP2053","HF","Understory","TSCA",13
"TP2062","HF","Overstory","QURU",36.1
"LF1011","LF","Understory","ACRU",20.6
"NRP1041","NR","Understory","FAGR",11.2
"NRP3042","NR","Overstory","ACRU",24.6
"PS1114","PS","Overstory","ACRU",21.9
"PS1001","PS","Understory","TSCA",18.2
"PS2028","PS","Overstory","TSCA",20.8
"PS1066","PS","Overstory","TSCA",28.5
"PS2135","PS","Overstory","TSCA",24.6
"PS1059","PS","Overstory","TSCA",33.4
"HOW3036","HO","Middle","TSCA",14
"NRP3043","NR","Understory","FAGR",10.7
"NRP1049","NR","Overstory","FAGR",21.4
"PS1068","PS","Overstory","ACRU",37.6
"PS2119","PS","Overstory","ACRU",26.3
"PS2130","PS","Overstory","TSCA",25.1
"PS2101","PS","Overstory","TSCA",27.5
"PS1018","PS","Overstory","TSCA",30.8
"PS1063","PS","Overstory","TSCA",22.1
"TP2071","HF","Understory","TSCA",32.7
"TP2073","HF","Overstory","QURU",29.8
"NRP3016","NR","Overstory","ACRU",21.2
"PS2059","PS","Overstory","TSCA",21.2
"PS2056","PS","Overstory","TSCA",22.4
"PS2123","PS","Overstory","TSCA",34.1
"PS1008","PS","Middle","TSCA",19
"PS2009","PS","Overstory","ACRU",20.3
"PS2066","PS","Overstory","TSCA",23.9
"PS1049","PS","Middle","TSCA",22.3
"PS1044","PS","Understory","TSCA",15.9
"PS2016","PS","Middle","ACRU",16.2
"TP1026","HF","Understory","TSCA",10.6
"HOW2041","HO","Middle","TSCA",19.1
"HOW3086","HO","Middle","TSCA",13.9
"NRP1024","NR","Middle","FAGR",31.5
"NRP2035","NR","Understory","FAGR",10.2
"PS1012","PS","Understory","TSCA",14.8
"PS2129","PS","Overstory","TSCA",30.3
"PS2128","PS","Overstory","TSCA",31.2
"PS1038","PS","Overstory","TSCA",21.5
"PS1134","PS","Overstory","TSCA",27.1
"PS2078","PS","Understory","TSCA",10.4
"PS2136","PS","Middle","TSCA",20.8
"PS2011","PS","Understory","TSCA",19.5
"RH2042","RH","Overstory","QURU",50.2
"GB2047","GB","Understory","FAGR",12.7
"TP2052","HF","Understory","TSCA",16.6
"TP1072","HF","Understory","TSCA",23.7
"HOW3025","HO","Understory","TSCA",16.7
"PS2093","PS","Overstory","TSCA",31.4
"PS1009","PS","Understory","TSCA",10.5
"PS2025","PS","Overstory","ACRU",13.8
"PS2032","PS","Overstory","TSCA",33.1
"PS2088","PS","Overstory","TSCA",21.8
"PS1137","PS","Overstory","TSCA",30.5
"GB2045","GB","Middle","FAGR",13.9
"GB1079","GB","Overstory","TSCA",50.9
"GB1005","GB","Overstory","FAGR",11.8
"TP1018","HF","Understory","TSCA",23.2
"NRP3056","NR","Overstory","TSCA",39.6
"PS2081","PS","Overstory","TSCA",20.5
"PS2131","PS","Overstory","TSCA",25.8
"PS2024","PS","Overstory","TSCA",28.8
"PS1006","PS","Middle","TSCA",17
"PS1126","PS","Overstory","TSCA",24
"PS1052","PS","Understory","TSCA",25.9
"TP1058","HF","Understory","TSCA",23.7
"LF1017","LF","Understory","FAGR",10.3
"NRP4046","NR","Overstory","TSCA",23.1
"NRP1013","NR","Middle","FAGR",13.5
"PS1010","PS","Understory","TSCA",15
"PS2010","PS","Understory","TSCA",11.8
"PS2120","PS","Understory","TSCA",15.3
"PS2048","PS","Understory","TSCA",13.4
"PS2133","PS","Overstory","TSCA",24.4
"PS2100","PS","Overstory","TSCA",24.8
"PS2036","PS","Overstory","ACRU",13.2
"PS1046","PS","Overstory","TSCA",27.3
"RH2095","RH","Understory","FAGR",13.9
"GB2004","GB","Middle","FAGR",15.3
"HOW1042","HO","Understory","ACRU",12.1
"LF1028","LF","Middle","TSCA",21.4
"LF3027","LF","Overstory","QURU",36.1
"PS2072","PS","Overstory","TSCA",38.9
"PS1027","PS","Overstory","TSCA",18.1
"PS2012","PS","Understory","TSCA",12.2
"PS2015","PS","Overstory","ACRU",20.3
"GE3068","GE","Overstory","ACRU",37.9
"TP1013","HF","Understory","TSCA",24.3
"PS2040","PS","Understory","TSCA",14.3
"PS2080","PS","Middle","TSCA",23.9
"GB2043","GB","Overstory","FAGR",12.1
"TP2074","HF","Overstory","QURU",32.8
"NRP2044","NR","Understory","FAGR",15.8
"PS2086","PS","Overstory","QURU",18.9
"PS2039","PS","Understory","TSCA",12.4
"PS1048","PS","Middle","TSCA",19.3
"PS2013","PS","Understory","TSCA",11.5
"PS1056","PS","Overstory","TSCA",31
"GB1010","GB","Overstory","FAGR",12.8
"GE2074","GE","Understory","ACRU",11.4
"TP1035","HF","Understory","TSCA",22.4
"TP1027","HF","Understory","TSCA",18.4
"LF2023","LF","Understory","FAGR",13.4
"NRP3028","NR","Middle","ACRU",15.3
"NRP3009","NR","Overstory","TSCA",42.5
"NRP4077","NR","Overstory","TSCA",32.5
"NRP3075","NR","Overstory","FAGR",13
"PS1065","PS","Overstory","TSCA",23.4
"HOW2040","HO","Understory","TSCA",10.2
"NRP3006","NR","Middle","FAGR",13
"RH2004","RH","Understory","FAGR",12.1
"RH2102","RH","Middle","FAGR",11.3
"GE3043","GE","Middle","FAGR",14
"TP1045","HF","Understory","TSCA",20.7
"HOW1062","HO","Middle","TSCA",24.5
"LF2013","LF","Understory","FAGR",13.1
"NRP3063","NR","Overstory","FAGR",15.8
"RH1004","RH","Understory","FAGR",10.8
"GB1020","GB","Understory","FAGR",10.7
"GB2034","GB","Middle","FAGR",30.3
"NRP1014","NR","Middle","FAGR",18.5
"PS2117","PS","Middle","TSCA",17.9
"PS1064","PS","Overstory","TSCA",34.4
"GB2044","GB","Middle","FAGR",10.6
"GE2030","GE","Understory","QURU",23.1
"GE3009","GE","Middle","ACRU",17.8
"TP1028","HF","Understory","TSCA",19.5
"TP1033","HF","Understory","TSCA",12.7
"TP1019","HF","Understory","TSCA",16.4
"GB1086","GB","Middle","FAGR",16.5
"GE2072","GE","Understory","ACRU",12.6
"TP1074","HF","Understory","TSCA",21.2
"HOW3087","HO","Middle","TSCA",22.8
"HOW3081","HO","Overstory","TSCA",26.6
"GE2025","GE","Overstory","QURU",46.4
"GE3006","GE","Understory","FAGR",10.4
"TP1040","HF","Middle","FAGR",13.3
"TP1004","HF","Understory","TSCA",27.9
"TP1036","HF","Understory","TSCA",12.4
"TP1059","HF","Understory","TSCA",33.7
"GE1080","GE","Overstory","QURU",58
"TP2070","HF","Overstory","QURU",36.5
"LF1026","LF","Understory","TSCA",23.7
"NRP4062","NR","Overstory","QURU",53
"PS1045","PS","Overstory","ACRU",17.2
"GB1001","GB","Middle","FAGR",20.7
"TP1032","HF","Understory","TSCA",18
"HOW3045","HO","Understory","TSCA",11.6
"LF1024","LF","Understory","TSCA",23.4
"NRP3073","NR","Overstory","QURU",26.9
"PS1028","PS","Overstory","TSCA",25.5
"TP1005","HF","Understory","TSCA",17.4
"HOW3049","HO","Understory","TSCA",17.2
"GB1008","GB","Overstory","FAGR",19.7
"GB1050","GB","Understory","FAGR",14.9
"GE2088","GE","Middle","QURU",39.1
"PS2001","PS","Overstory","TSCA",30.2
"GE2027","GE","Understory","ACRU",13.2
"LF1001","LF","Understory","TSCA",18.1
"GB1002","GB","Middle","FAGR",21.4
"GE1046","GE","Understory","FAGR",10.2
"TP1002","HF","Understory","TSCA",13.9
"PS2134","PS","Overstory","TSCA",28.9
"GB1007","GB","Middle","FAGR",15.4
"TP1029","HF","Understory","TSCA",10.8
"LF1027","LF","Understory","TSCA",20.1
"NRP4084","NR","Understory","TSCA",26.2
"GB1085","GB","Middle","FAGR",19.7
"TP1067","HF","Understory","TSCA",23.5
"GB2001","GB","Middle","FAGR",12.1
"GE3040","GE","Overstory","QURU",45.5
"TP1016","HF","Understory","TSCA",16.8
"NRP3072","NR","Overstory","QURU",24
"GB1004","GB","Overstory","FAGR",15.7
"GB2007","GB","Middle","FAGR",10.9
"NRP4103","NR","Understory","TSCA",12
"GB1021","GB","Overstory","FAGR",27.1
"GB1019","GB","Middle","FAGR",19.8
"TP1041","HF","Understory","TSCA",16.4
"NRP3034","NR","Overstory","TSCA",58.1
"NRP4107","NR","Understory","TSCA",16.5
"NRP3023","NR","Understory","TSCA",13
"GB2022","GB","Overstory","FAGR",12.8
"NRP3067","NR","Understory","TSCA",13.3
"TP1009","HF","Overstory","TSCA",13.2
"NRP3007","NR","Middle","TSCA",13.7
"NRP4110","NR","Understory","FAGR",12.7
"GB2040","GB","Overstory","FAGR",13
"GB1042","GB","Understory","FAGR",11.5
"NRP3070","NR","Understory","TSCA",10.4
"LF1008","LF","Understory","TSCA",14.6
"LF1019","LF","Understory","TSCA",10.4
"LF3011","LF","Middle","ACRU",35.7
"GB1087","All","Overstory","TSCA",57.7
"GB2066","All","Overstory","FAGR",33.6
"GB2025","All","Overstory","FAGR",55.5
"GB2012","All","Overstory","FAGR",50.6
"GB1068","All","Overstory","TSCA",36
"GB1062","All","Overstory","FAGR",37.5
"GB1080","All","Overstory","FAGR",40.9
"GB1076","All","Overstory","TSCA",45.7
"GB1072","All","Overstory","FAGR",37.9
"GB1066","All","Overstory","TSCA",44.7
"GB1057","All","Middle","FAGR",24.4
"GB1047","All","Overstory","TSCA",44.1
"GB1024","All","Overstory","TSCA",62.9
"GB1016","All","Overstory","FAGR",40.3
"GB1013","All","Overstory","TSCA",47.1
"GB1074","All","Overstory","FAGR",29.3
"GB2082","All","Middle","TSCA",32.7
"GB1073","All","Understory","FAGR",10.2
"GB1058","All","Overstory","TSCA",61.1
"GB1063","All","Overstory","TSCA",44.6
"GB1082","All","Overstory","TSCA",59.6
"GB1033","All","Overstory","TSCA",38.7
"GE3002","All","Middle","FAGR",22
"GE3003","All","Overstory","ACRU",27.9
"GE2085","All","Middle","QURU",39.4
"GE2083","All","Understory","QURU",27
"GE3066","All","Overstory","QURU",45.5
"GE3034","All","Overstory","ACRU",42.1
"GE3057","All","Overstory","ACRU",31.6
"GE3051","All","Overstory","ACRU",41.5
"GE3047","All","Overstory","ACRU",31.9
"GE3031","All","Middle","FAGR",30.7
"GE3028","All","Middle","FAGR",25.2
"GE3025","All","Overstory","FAGR",25.8
"GE3022","All","Middle","FAGR",24.3
"GE3015","All","Overstory","QURU",53.5
"GE3004","All","Overstory","FAGR",26.5
"GE1088","All","Overstory","QURU",35.1
"GE1084","All","Overstory","QURU",44.5
"GE2034","All","Overstory","QURU",24.4
"GE2067","All","Overstory","ACRU",31.9
"GE2058","All","Overstory","QURU",36.3
"GE2051","All","Understory","QURU",27.5
"GE2010","All","Overstory","QURU",41.1
"GE1070","All","Middle","QURU",40.5
"GE1032","All","Overstory","QURU",29.7
"GE1057","All","Overstory","QURU",47.9
"GE1040","All","Overstory","QURU",40.4
"GE1042","All","Overstory","QURU",50.3
"GE3005","All","Overstory","ACRU",43.3
"GE1022","All","Middle","QURU",27.9
"GE1014","All","Middle","QURU",40.9
"GE1011","All","Overstory","QURU",51.1
"GE1012","All","Overstory","QURU",40.5
"GE3037","All","Overstory","QURU",40.1
"GE1085","All","Overstory","QURU",44.6
"GE1082","All","Overstory","QURU",42
"GE3060","All","Overstory","ACRU",40.8
"GE3050","All","Overstory","FAGR",21.2
"GE3046","All","Overstory","FAGR",22.6
"GE2076","All","Middle","QURU",28.4
"GE3029","All","Overstory","FAGR",32.1
"GE3026","All","Overstory","FAGR",25.1
"GE3027","All","Middle","FAGR",16
"GE3024","All","Middle","FAGR",25.2
"GE2036","All","Middle","QURU",44
"GE2065","All","Overstory","QURU",57.2
"GE2090","All","Middle","QURU",32.7
"GE2012","All","Overstory","QURU",29.5
"GE2042","All","Middle","QURU",32.6
"GE2022","All","Overstory","QURU",37.9
"GE2008","All","Overstory","QURU",42.3
"GE1010","All","Overstory","ACRU",35
"GE1039","All","Overstory","QURU",40.3
"GE1086","All","Overstory","QURU",51.8
"GE1023","All","Overstory","QURU",46.1
"GE1044","All","Overstory","QURU",47.3
"GE1058","All","Overstory","QURU",21.7
"GE3063","All","Overstory","ACRU",41.3
"GE1051","All","Understory","ACRU",15.2
"GE1030","All","Middle","QURU",30.4
"GE1019","All","Overstory","QURU",41.6
"GE3030","All","Overstory","FAGR",21.3
"GE1020","All","Overstory","QURU",42.9
"GE2018","All","Middle","QURU",33.3
"HOW3021","All","Middle","TSCA",26.2
"HOW2097","All","Overstory","TSCA",22.8
"HOW3083","All","Overstory","TSCA",43.4
"HOW3010","All","Overstory","TSCA",33.2
"HOW2074","All","Middle","TSCA",22.2
"HOW2005","All","Overstory","TSCA",35.6
"HOW3026","All","Overstory","TSCA",35.2
"HOW2042","All","Middle","TSCA",28.1
"HOW3069","All","Understory","TSCA",15.6
"HOW2056","All","Overstory","TSCA",30.4
"HOW2033","All","Overstory","TSCA",37.8
"HOW3079","All","Middle","TSCA",22
"HOW2039","All","Overstory","ACRU",15.2
"HOW3023","All","Overstory","ACRU",29.3
"HOW3046","All","Overstory","TSCA",37.5
"HOW2030","All","Overstory","TSCA",34
"HOW3075","All","Overstory","TSCA",18.7
"HOW2014","All","Overstory","TSCA",31.9
"HOW2028","All","Overstory","TSCA",23.7
"HOW2051","All","Overstory","TSCA",43.2
"HOW2043","All","Overstory","ACRU",32.1
"HOW3076","All","Overstory","TSCA",42.8
"HOW2001","All","Overstory","TSCA",31.3
"HOW3078","All","Overstory","TSCA",36
"HOW2099","All","Overstory","TSCA",28.5
"HOW3061","All","Overstory","TSCA",44.4
"HOW3084","All","Overstory","TSCA",47.1
"HOW3003","All","Middle","TSCA",19.1
"HOW3012","All","Overstory","TSCA",23.5
"HOW3029","All","Overstory","TSCA",45.6
"HOW2095","All","Overstory","TSCA",26
"HOW3047","All","Overstory","TSCA",43
"HOW3014","All","Overstory","TSCA",64.4
"HOW2023","All","Middle","TSCA",28.3
"HOW2044","All","Overstory","TSCA",45.9
"HOW1082","All","Overstory","TSCA",40.5
"HOW3005","All","Overstory","TSCA",48.4
"HOW3071","All","Overstory","TSCA",43.2
"HOW2002","All","Overstory","TSCA",35.1
"HOW3054","All","Overstory","ACRU",33.2
"HOW3074","All","Understory","TSCA",17
"HOW2064","All","Middle","TSCA",23.2
"HOW3052","All","Overstory","TSCA",38.9
"HOW3024","All","Overstory","ACRU",43.4
"HOW3037","All","Overstory","TSCA",41.3
"HOW3068","All","Overstory","TSCA",36.2
"HOW3072","All","Overstory","TSCA",31.2
"HOW2075","All","Overstory","ACRU",35.3
"HOW3073","All","Overstory","ACRU",27
"HOW2092","All","Overstory","TSCA",25.7
"HOW3034","All","Overstory","TSCA",39
"HOW3019","All","Middle","TSCA",24.7
"HOW3070","All","Understory","TSCA",15.4
"HOW2061","All","Overstory","ACRU",34.6
"HOW1094","All","Middle","TSCA",37.6
"HOW3020","All","Overstory","TSCA",27.9
"HOW3066","All","Overstory","TSCA",31.1
"HOW3033","All","Overstory","ACRU",37
"HOW3077","All","Overstory","TSCA",30.5
"LF3034","All","Overstory","QURU",35.1
"LF3017","All","Overstory","ACRU",50
"LF3006","All","Overstory","QURU",61
"LF1022","All","Overstory","QURU",67.5
"LF3042","All","Middle","QURU",32
"LF2014","All","Middle","ACRU",23.9
"NRP4092","All","Overstory","TSCA",42.2
"NRP4093","All","Middle","TSCA",31.2
"NRP4083","All","Overstory","QURU",55
"NRP4080","All","Overstory","TSCA",38.3
"NRP4069","All","Overstory","TSCA",34.7
"NRP4071","All","Overstory","TSCA",35
"NRP4059","All","Overstory","ACRU",38.1
"NRP4060","All","Overstory","QURU",44.5
"NRP4061","All","Overstory","TSCA",34
"NRP4052","All","Middle","TSCA",25.2
"NRP4049","All","Overstory","TSCA",48
"NRP4050","All","Understory","TSCA",16.2
"NRP4042","All","Understory","TSCA",23.5
"NRP4039","All","Overstory","TSCA",24.5
"NRP4033","All","Overstory","TSCA",42.3
"NRP4028","All","Overstory","TSCA",41
"NRP4022","All","Overstory","FAGR",30.1
"NRP4136","All","Overstory","TSCA",49.9
"NRP4137","All","Overstory","TSCA",41
"NRP4018","All","Overstory","ACRU",32.5
"NRP4015","All","Overstory","TSCA",41.4
"NRP4011","All","Overstory","TSCA",40.6
"NRP4007","All","Overstory","TSCA",32.2
"NRP4100","All","Overstory","TSCA",39.5
"NRP3085","All","Overstory","TSCA",51.2
"NRP3081","All","Overstory","TSCA",37.1
"NRP4097","All","Overstory","TSCA",45.8
"NRP3061","All","Overstory","TSCA",41
"NRP3058","All","Overstory","QURU",53.1
"NRP3052","All","Overstory","TSCA",29.8
"NRP3049","All","Overstory","TSCA",52.4
"NRP3050","All","Overstory","TSCA",47.8
"NRP3046","All","Overstory","TSCA",58.2
"NRP3036","All","Overstory","TSCA",68.7
"NRP3031","All","Overstory","QURU",61
"NRP3022","All","Overstory","QURU",54
"NRP4025","All","Overstory","TSCA",51.8
"NRP4026","All","Overstory","TSCA",44
"NRP4012","All","Overstory","TSCA",45.7
"NRP4001","All","Overstory","QURU",59.5
"NRP2046","All","Middle","FAGR",36.8
"NRP3019","All","Overstory","TSCA",61
"NRP2002","All","Middle","FAGR",21
"NRP1037","All","Middle","FAGR",41.5
"NRP1033","All","Overstory","FAGR",43.3
"NRP3018","All","Overstory","QURU",45.3
"NRP1005","All","Overstory","FAGR",56.4
"NRP1018","All","Overstory","FAGR",62
"NRP2055","All","Middle","FAGR",38.3
"NRP1004","All","Overstory","FAGR",48.2
"NRP4094","All","Understory","TSCA",33
"NRP4075","All","Overstory","QURU",44.9
"NRP4072","All","Overstory","TSCA",34.5
"NRP4067","All","Overstory","TSCA",47.6
"NRP4063","All","Overstory","TSCA",28.5
"NRP4105","All","Overstory","TSCA",36
"NRP4057","All","Overstory","TSCA",20.9
"NRP4054","All","Understory","TSCA",25.7
"NRP4055","All","Overstory","TSCA",43.7
"NRP4047","All","Overstory","TSCA",31.4
"NRP4044","All","Overstory","TSCA",40.8
"NRP4045","All","Overstory","TSCA",36.7
"NRP4041","All","Overstory","TSCA",24.1
"NRP4034","All","Overstory","TSCA",35
"NRP3084","All","Overstory","TSCA",39.5
"NRP3054","All","Overstory","TSCA",38.1
"NRP4019","All","Overstory","TSCA",32.6
"NRP4016","All","Overstory","TSCA",45.7
"NRP4005","All","Overstory","TSCA",36.4
"NRP4101","All","Overstory","TSCA",33.9
"NRP3086","All","Overstory","TSCA",45.4
"NRP3082","All","Overstory","TSCA",21.7
"NRP3053","All","Overstory","TSCA",45.9
"NRP3024","All","Overstory","QURU",51.7
"NRP4098","All","Overstory","QURU",40.1
"NRP3062","All","Overstory","TSCA",50.1
"NRP4144","All","Overstory","QURU",54.8
"NRP3047","All","Middle","TSCA",30.2
"NRP3044","All","Overstory","TSCA",48.7
"NRP3045","All","Understory","TSCA",18.4
"NRP3037","All","Overstory","TSCA",63.5
"NRP3035","All","Overstory","TSCA",52
"NRP3032","All","Overstory","TSCA",72.2
"NRP2047","All","Middle","FAGR",45.8
"NRP4068","All","Overstory","TSCA",36.6
"NRP3011","All","Overstory","TSCA",44.2
"NRP4017","All","Overstory","TSCA",26.5
"NRP4014","All","Overstory","TSCA",28
"NRP4006","All","Overstory","TSCA",34.6
"NRP4002","All","Overstory","TSCA",40.5
"NRP2052","All","Middle","FAGR",32.8
"NRP1038","All","Overstory","FAGR",55.7
"NRP4036","All","Overstory","QURU",43.9
"NRP4104","All","Overstory","TSCA",31.2
"NRP2027","All","Middle","TSCA",52
"NRP2025","All","Middle","FAGR",42.9
"NRP3057","All","Overstory","TSCA",51.2
"NRP2007","All","Overstory","FAGR",53.1
"NRP2005","All","Understory","FAGR",14.4
"NRP1052","All","Overstory","FAGR",43.2
"NRP1046","All","Middle","FAGR",33
"NRP4102","All","Overstory","QURU",50.2
"NRP3012","All","Overstory","QURU",51.5
"NRP1016","All","Overstory","FAGR",57.2
"NRP3001","All","Overstory","TSCA",66.4
"NRP4130","All","Overstory","TSCA",49.5
"NRP4095","All","Overstory","TSCA",42.2
"NRP4089","All","Overstory","TSCA",46
"NRP4112","All","Overstory","TSCA",33.5
"NRP4078","All","Overstory","TSCA",32.4
"NRP4129","All","Overstory","TSCA",39
"NRP4134","All","Overstory","TSCA",53.5
"NRP4143","All","Overstory","TSCA",35.4
"NRP4096","All","Overstory","TSCA",33.3
"NRP4048","All","Overstory","TSCA",30.5
"NRP4020","All","Overstory","TSCA",39.6
"NRP3048","All","Overstory","QURU",57.3
"NRP4142","All","Overstory","TSCA",38.2
"NRP4009","All","Understory","TSCA",22.2
"NRP3038","All","Overstory","TSCA",32.6
"NRP2011","All","Understory","FAGR",13.9
"NRP4099","All","Overstory","TSCA",41.3
"NRP4131","All","Overstory","QURU",47.5
"NRP4147","All","Overstory","TSCA",49
"PS2141","All","Overstory","TSCA",39.2
"PS2143","All","Overstory","TSCA",50.5
"PS2137","All","Overstory","TSCA",40.5
"PS2115","All","Overstory","FAGR",28
"PS2098","All","Overstory","TSCA",42
"PS2090","All","Overstory","TSCA",42
"PS2083","All","Overstory","TSCA",31.8
"PS2076","All","Overstory","TSCA",42.3
"PS2054","All","Overstory","TSCA",25
"PS2049","All","Overstory","TSCA",24.6
"PS2046","All","Overstory","TSCA",34.5
"PS1131","All","Overstory","TSCA",34.9
"PS1138","All","Overstory","TSCA",30.6
"PS1129","All","Overstory","FAGR",33.3
"PS1130","All","Overstory","FAGR",28.8
"PS1123","All","Overstory","TSCA",23.4
"PS1119","All","Overstory","FAGR",29
"PS1111","All","Middle","TSCA",25.6
"PS1107","All","Overstory","TSCA",36.8
"PS1105","All","Overstory","TSCA",32
"PS1101","All","Overstory","TSCA",43.9
"PS1097","All","Middle","TSCA",20.7
"PS1094","All","Middle","TSCA",25.2
"PS1095","All","Overstory","TSCA",29.9
"PS1091","All","Overstory","TSCA",33.2
"PS1088","All","Overstory","TSCA",35.9
"PS1082","All","Overstory","TSCA",36.1
"PS1072","All","Middle","ACRU",15.5
"PS1073","All","Understory","TSCA",15
"PS1033","All","Overstory","FAGR",25.7
"PS1034","All","Overstory","FAGR",39
"PS1060","All","Overstory","TSCA",43.4
"PS1057","All","Overstory","TSCA",39.3
"PS1053","All","Overstory","TSCA",42.4
"PS1055","All","Overstory","TSCA",33
"PS1043","All","Overstory","TSCA",27
"PS1040","All","Overstory","TSCA",38
"PS1035","All","Overstory","TSCA",36.5
"PS1004","All","Overstory","TSCA",37.5
"PS1025","All","Overstory","TSCA",34.5
"PS1021","All","Overstory","TSCA",33.9
"PS1022","All","Overstory","TSCA",36
"PS1013","All","Overstory","FAGR",28.2
"PS1002","All","Overstory","FAGR",37.7
"PS2144","All","Overstory","TSCA",53.2
"PS2138","All","Overstory","TSCA",36.9
"PS2106","All","Overstory","TSCA",34.3
"PS2107","All","Overstory","TSCA",65.6
"PS2104","All","Overstory","TSCA",56.5
"PS1099","All","Overstory","ACRU",36.3
"PS1039","All","Understory","TSCA",10.7
"PS2075","All","Overstory","TSCA",43
"PS2071","All","Overstory","TSCA",39.2
"PS2067","All","Overstory","TSCA",21.2
"PS2064","All","Overstory","TSCA",24.4
"PS2065","All","Middle","FAGR",20.4
"PS2058","All","Overstory","TSCA",29.7
"PS1067","All","Overstory","TSCA",32
"PS2045","All","Understory","TSCA",13.4
"PS2031","All","Overstory","TSCA",50.3
"PS1136","All","Overstory","TSCA",38.5
"PS1133","All","Overstory","TSCA",50.7
"PS1102","All","Overstory","TSCA",31.2
"PS1098","All","Overstory","TSCA",37.3
"PS1103","All","Overstory","ACRU",30.2
"PS1124","All","Overstory","TSCA",24.6
"PS1122","All","Overstory","FAGR",31.2
"PS1110","All","Overstory","TSCA",34.9
"PS1106","All","Overstory","ACRU",31.9
"PS1074","All","Middle","TSCA",20.7
"PS1092","All","Overstory","TSCA",27.8
"PS1090","All","Overstory","TSCA",34.6
"PS1071","All","Understory","TSCA",19.2
"PS1083","All","Overstory","TSCA",41
"PS1089","All","Overstory","TSCA",33.7
"PS1081","All","Understory","TSCA",13.2
"PS1087","All","Middle","TSCA",23
"PS1041","All","Overstory","FAGR",35.1
"PS1058","All","Overstory","TSCA",39.9
"PS1061","All","Overstory","TSCA",40.2
"PS1047","All","Understory","TSCA",10.5
"PS1014","All","Overstory","FAGR",43
"PS1011","All","Overstory","FAGR",27.5
"PS1016","All","Overstory","TSCA",25.2
"PS1024","All","Overstory","TSCA",35
"PS1093","All","Overstory","TSCA",23.3
"PS1062","All","Overstory","TSCA",31.1
"PS2037","All","Overstory","TSCA",49.3
"PS1020","All","Overstory","TSCA",38.2
"PS1030","All","Overstory","TSCA",35
"PS2068","All","Overstory","TSCA",33.2
"RH2117","All","Overstory","QURU",40.4
"RH2013","All","Overstory","QURU",42.4
"RH2114","All","Overstory","QURU",48.1
"RH2110","All","Middle","QURU",34
"RH2085","All","Middle","ACRU",30.1
"RH2049","All","Overstory","QURU",56.5
"RH2075","All","Middle","QURU",34.6
"RH2072","All","Overstory","QURU",42.6
"RH2073","All","Overstory","QURU",39
"RH2068","All","Overstory","QURU",37.6
"RH2060","All","Overstory","QURU",42.7
"RH2054","All","Overstory","QURU",40.6
"RH1005","All","Middle","ACRU",17.2
"RH2041","All","Middle","ACRU",34.7
"RH2036","All","Overstory","QURU",44.7
"RH2037","All","Overstory","QURU",42.6
"RH2033","All","Overstory","QURU",37.5
"RH2020","All","Overstory","QURU",47.2
"RH2014","All","Overstory","QURU",34.2
"RH2010","All","Overstory","QURU",50.7
"RH2011","All","Overstory","QURU",48.2
"RH1094","All","Overstory","QURU",46.1
"RH1086","All","Overstory","ACRU",23.5
"RH1043","All","Overstory","QURU",33.6
"RH1044","All","Overstory","QURU",35.2
"RH1079","All","Overstory","QURU",43.4
"RH1066","All","Middle","QURU",21.3
"RH1045","All","Overstory","QURU",24.7
"RH1042","All","Overstory","QURU",43.5
"RH1022","All","Overstory","QURU",27.4
"RH1016","All","Overstory","QURU",40.9
"RH2086","All","Overstory","QURU",55.1
"RH2053","All","Overstory","QURU",43.9
"RH2115","All","Overstory","ACRU",42.2
"RH2111","All","Overstory","QURU",36.3
"RH2113","All","Middle","ACRU",33.5
"RH2089","All","Overstory","QURU",49.7
"RH2052","All","Middle","ACRU",20.6
"RH1047","All","Overstory","QURU",23.9
"RH2076","All","Overstory","QURU",66
"RH2070","All","Middle","QURU",30.9
"RH2065","All","Overstory","QURU",53.4
"RH2061","All","Middle","ACRU",22.8
"RH2015","All","Overstory","QURU",32.1
"RH1014","All","Overstory","QURU",60
"RH2034","All","Overstory","QURU",31.4
"RH1046","All","Overstory","QURU",36.5
"RH1097","All","Middle","FAGR",21.2
"RH1073","All","Overstory","QURU",35.5
"RH1067","All","Middle","QURU",21.8
"RH1080","All","Overstory","QURU",33.7
"RH1057","All","Overstory","QURU",38.5
"RH1040","All","Overstory","ACRU",23.7
"RH1023","All","Overstory","QURU",41.1
"RH1021","All","Overstory","QURU",31.3
"RH2009","All","Overstory","QURU",44.9
"RH1017","All","Overstory","ACRU",39
"RH1064","All","Understory","ACRU",11.8
"RH1024","All","Middle","ACRU",20.1
"RH2116","All","Overstory","QURU",51.7
"RH2035","All","Overstory","QURU",48.6
"TP1025","All","Overstory","QURU",37.7
"TP1042","All","Overstory","QURU",32.8
"HOW3027","All","Overstory","TSCA",26.6
"LF2049","All","Overstory","QURU",44.6
"LF3043","All","Overstory","QURU",54.8
"NRP4038","All","Overstory","TSCA",33.4
"NRP3041","All","Overstory","ACRU",26.5
"PS1115","All","Middle","TSCA",23.6
"RH1083","All","Overstory","QURU",30.6
"RH1087","All","Overstory","QURU",25.8
"GE1036","All","Overstory","QURU",47.4
"TP1031","All","Middle","ACRU",19
"TP1015","All","Middle","ACRU",17.3
"HOW2031","All","Understory","TSCA",11.8
"HOW3009","All","Overstory","TSCA",34.1
"LF2040","All","Understory","ACRU",25.6
"NRP4065","All","Overstory","TSCA",35.8
"NRP3060","All","Overstory","ACRU",30.2
"NRP3002","All","Overstory","TSCA",40.2
"PS2069","All","Overstory","TSCA",30
"PS2060","All","Overstory","TSCA",27.9
"PS1015","All","Middle","TSCA",22.5
"PS2109","All","Overstory","TSCA",34.2
"RH2047","All","Understory","QURU",18.4
"RH2002","All","Overstory","ACRU",23.1
"GE2071","All","Understory","ACRU",13.6
"TP1044","All","Overstory","QURU",43.3
"TP1003","All","Middle","ACRU",14
"TP1047","All","Overstory","QURU",44.2
"TP1012","All","Overstory","QURU",33.9
"HOW2007","All","Overstory","TSCA",25.3
"HOW3013","All","Overstory","TSCA",30.3
"HOW3022","All","Overstory","TSCA",31.4
"NRP1035","All","Overstory","ACRU",49.5
"PS2019","All","Overstory","TSCA",38.5
"RH1101","All","Overstory","QURU",33.3
"GE3067","All","Overstory","FAGR",20.4
"GE1038","All","Middle","ACRU",51.8
"TP1071","All","Overstory","QURU",39
"TP1043","All","Overstory","QURU",37.7
"LF2009","All","Middle","QURU",31.2
"NRP3014","All","Overstory","ACRU",32.8
"PS2055","All","Overstory","TSCA",28.5
"PS2092","All","Understory","TSCA",21.2
"PS1085","All","Understory","TSCA",15.5
"RH2029","All","Understory","FAGR",17.9
"RH1003","All","Overstory","ACRU",28
"RH1061","All","Middle","QURU",26.9
"GB1026","All","Overstory","TSCA",68.5
"GE2089","All","Overstory","QURU",38.3
"TP1053","All","Overstory","QURU",44
"TP1022","All","Overstory","QURU",36.5
"TP1065","All","Middle","QURU",24.6
"TP1017","All","Overstory","QURU",40.6
"TP1054","All","Overstory","QURU",32.8
"TP1066","All","Overstory","QURU",35.6
"TP1039","All","Middle","QURU",53
"TP1062","All","Overstory","QURU",36.9
"HOW3042","All","Overstory","TSCA",34.8
"LF2050","All","Overstory","QURU",49.6
"LF2019","All","Understory","ACRU",23.2
"LF2034","All","Overstory","QURU",55.9
"LF2008","All","Overstory","QURU",53.8
"LF3040","All","Overstory","QURU",41.9
"LF2010","All","Overstory","QURU",58.4
"LF3035","All","Middle","ACRU",27.7
"LF3041","All","Overstory","QURU",45.4
"NRP4064","All","Middle","TSCA",31.2
"NRP4051","All","Middle","TSCA",29.5
"PS1135","All","Overstory","TSCA",44.7
"RH1098","All","Overstory","ACRU",34.2
"RH2043","All","Understory","ACRU",10.4
"TP1034","All","Overstory","QURU",47.3
"LF1020","All","Overstory","QURU",69
"LF2026","All","Overstory","QURU",50.9
"LF2016","All","Understory","ACRU",15.7
"LF2001","All","Middle","ACRU",19.4
"LF2011","All","Overstory","QURU",38.2
"NRP4082","All","Understory","TSCA",20
"PS1132","All","Overstory","TSCA",63.9
"PS1116","All","Understory","TSCA",11.6
"RH2027","All","Understory","FAGR",16.4
"RH1015","All","Overstory","QURU",45.4
"RH1049","All","Overstory","QURU",46
"GB1045","All","Overstory","TSCA",32.1
"GB2046","All","Overstory","FAGR",23.9
"GE3035","All","Middle","FAGR",17.5
"GE1097","All","Overstory","QURU",30.5
"HOW3038","All","Overstory","TSCA",37
"HOW3043","All","Overstory","TSCA",36.8
"HOW2011","All","Middle","TSCA",22.5
"LF1039","All","Understory","ACRU",21.7
"LF2033","All","Overstory","QURU",42.8
"LF2039","All","Overstory","QURU",45.4
"LF2024","All","Understory","ACRU",15.2
"NRP1030","All","Overstory","ACRU",44.8
"NRP4091","All","Overstory","TSCA",33
"NRP4138","All","Understory","TSCA",21.5
"RH2022","All","Overstory","ACRU",25.2
"RH2092","All","Middle","ACRU",18.9
"RH2030","All","Understory","FAGR",21
"RH1085","All","Middle","ACRU",17.3
"RH1068","All","Overstory","QURU",41.6
"TP1070","All","Overstory","QURU",43.7
"HOW3067","All","Overstory","TSCA",25.7
"HOW2037","All","Overstory","TSCA",22.7
"LF1040","All","Overstory","QURU",53.9
"LF1015","All","Middle","QURU",49.4
"LF2030","All","Middle","ACRU",20
"LF2037","All","Middle","ACRU",25.2
"LF2012","All","Understory","ACRU",12.2
"NRP4088","All","Overstory","TSCA",50.7
"PS1070","All","Overstory","TSCA",40.8
"RH2001","All","Understory","FAGR",10.1
"GE3042","All","Overstory","ACRU",26
"TP1052","All","Overstory","QURU",37.3
"TP1050","All","Middle","QURU",27.1
"HOW3008","All","Overstory","TSCA",29.3
"HOW3053","All","Overstory","TSCA",27.3
"LF1032","All","Overstory","QURU",63.2
"LF3039","All","Overstory","QURU",36.8
"LF1038","All","Understory","FAGR",38.8
"LF3033","All","Overstory","QURU",34.4
"LF3032","All","Overstory","QURU",48.8
"LF1031","All","Understory","QURU",28.6
"LF1030","All","Overstory","QURU",44.6
"LF2038","All","Overstory","QURU",53.1
"LF2022","All","Middle","ACRU",21.2
"NRP3027","All","Middle","FAGR",12.4
"NRP1039","All","Overstory","FAGR",30
"NRP4139","All","Overstory","TSCA",40.5
"PS2114","All","Overstory","TSCA",27.5
"PS2062","All","Overstory","TSCA",27.9
"RH2023","All","Understory","FAGR",10
"RH1001","All","Understory","ACRU",15.3
"RH1034","All","Middle","ACRU",17.6
"GB2038","All","Overstory","FAGR",26.8
"GB2061","All","Overstory","FAGR",42.3
"TP1056","All","Overstory","QURU",41
"HOW3060","All","Overstory","TSCA",28
"LF1033","All","Overstory","QURU",50.6
"LF1009","All","Overstory","FAGR",33.9
"LF3038","All","Overstory","QURU",46.7
"NRP4031","All","Overstory","TSCA",39.5
"PS1108","All","Understory","TSCA",11.5
"RH2045","All","Understory","FAGR",16.7
"RH1056","All","Overstory","QURU",28.5
"RH1072","All","Overstory","QURU",44
"RH1092","All","Middle","ACRU",20.5
"TP1057","All","Overstory","QURU",38.5
"HOW2085","All","Middle","TSCA",15.7
"HOW2038","All","Overstory","TSCA",23.1
"HOW2008","All","Overstory","TSCA",24.7
"LF2047","All","Middle","QURU",33.5
"LF1041","All","Overstory","QURU",43.2
"LF3031","All","Overstory","QURU",51
"LF1005","All","Understory","ACRU",15.6
"LF1010","All","Overstory","ACRU",29.4
"LF2031","All","Understory","ACRU",10.8
"NRP4076","All","Middle","TSCA",27.9
"PS2030","All","Overstory","TSCA",31.8
"RH1062","All","Overstory","QURU",37.9
"TP1011","All","Understory","FAGR",14.3
"LF2028","All","Middle","ACRU",22.2
"LF2036","All","Overstory","QURU",76.5
"LF2042","All","Overstory","QURU",50.5
"HOW3058","All","Overstory","TSCA",27.6
"LF1012","All","Overstory","QURU",59
"NRP4004","All","Overstory","TSCA",26.5
"PS1069","All","Middle","TSCA",22.4
"PS2139","All","Overstory","TSCA",37.7
"RH2055","All","Overstory","QURU",34.3
"GB2052","All","Understory","FAGR",27.5
"TP1055","All","Understory","QURU",27.5
"LF1037","All","Overstory","QURU",39.5
"NRP4008","All","Overstory","TSCA",22.5
"NRP4058","All","Overstory","TSCA",32.5
"RH2016","All","Overstory","ACRU",31.4
"RH2005","All","Overstory","QURU",34.4
"GE2092","All","Middle","QURU",20.4
"LF2032","All","Understory","ACRU",24.5
"LF1043","All","Understory","ACRU",21
"LF2020","All","Overstory","QURU",49.4
"LF2025","All","Overstory","QURU",58.5
"PS2132","All","Overstory","TSCA",29.3
"PS2126","All","Middle","TSCA",19.5
"PS1084","All","Understory","TSCA",14.8
"TP1060","All","Overstory","QURU",38.1
"HOW3007","All","Overstory","TSCA",39.8
"LF3023","All","Middle","QURU",22.3
"LF1013","All","Middle","QURU",43
"LF1016","All","Overstory","QURU",41.9
"NRP1040","All","Overstory","FAGR",35.2
"PS2053","All","Overstory","TSCA",20.8
"RH2106","All","Middle","QURU",40.8
"GB1003","All","Understory","FAGR",19.8
"TP1064","All","Overstory","QURU",31.3
"HOW2025","All","Overstory","ACRU",25.7
"LF1004","All","Middle","ACRU",30.4
"LF2044","All","Overstory","ACRU",23.9
"LF2046","All","Overstory","QURU",39.8
"PS2142","All","Overstory","TSCA",35.5
"RH2118","All","Overstory","ACRU",36.6
"RH2067","All","Middle","ACRU",12.4
"RH1099","All","Overstory","QURU",36.8
"TP1046","All","Overstory","QURU",34
"LF1002","All","Overstory","QURU",66
"LF1003","All","Understory","ACRU",22.3
"LF2018","All","Understory","ACRU",16.3
"NRP4056","All","Overstory","TSCA",34.8
"PS1029","All","Understory","TSCA",17.5
"PS2074","All","Overstory","TSCA",33.2
"PS2047","All","Overstory","TSCA",29
"RH1084","All","Middle","ACRU",17.9
"TP1038","All","Understory","ACRU",19.7
"LF2004","All","Middle","ACRU",21.6
"PS2023","All","Overstory","TSCA",31.9
"PS2044","All","Understory","TSCA",13.5
"HOW3044","All","Overstory","TSCA",33.1
"HOW3082","All","Overstory","ACRU",39.2
"HOW3062","All","Overstory","ACRU",31.1
"RH1019","All","Overstory","QURU",43.2
"RH2097","All","Understory","FAGR",18.8
"RH2003","All","Middle","FAGR",21.1
"GE2096","All","Overstory","QURU",39.9
"PS1121","All","Overstory","TSCA",26.2
"HOW2081","All","Understory","TSCA",11.9
"LF3037","All","Overstory","QURU",46.5
"LF2043","All","Middle","ACRU",25.7
"PS1026","All","Overstory","TSCA",32
"RH1031","All","Overstory","ACRU",22.9
"RH2071","All","Middle","QURU",33.5
"HOW3048","All","Middle","TSCA",21
"RH1059","All","Middle","ACRU",21.2
"HOW3063","All","Overstory","ACRU",22.6
"LF3051","All","Overstory","QURU",46.4
"LF2017","All","Middle","QURU",31.3
"PS2043","All","Overstory","TSCA",18.7
"RH1053","All","Middle","ACRU",19.3
"GB2071","All","Overstory","FAGR",21.6
"GE1071","All","Middle","QURU",30.7
"HOW3001","All","Overstory","TSCA",26.6
"HOW2018","All","Overstory","ACRU",33
"HOW1007","All","Overstory","ACRU",27
"HOW3011","All","Understory","TSCA",13.7
"LF3022","All","Middle","QURU",24.8
"LF3008","All","Middle","QURU",24.5
"LF3004","All","Overstory","QURU",32.9
"LF3014","All","Overstory","QURU",35.8
"NRP1044","All","Middle","FAGR",18.8
"PS2096","All","Overstory","TSCA",22.4
"PS2014","All","Understory","TSCA",21.1
"PS2111","All","Overstory","TSCA",31.7
"PS2079","All","Overstory","FAGR",27.6
"PS1003","All","Understory","TSCA",13.2
"RH2074","All","Middle","QURU",30.4
"RH1102","All","Overstory","QURU",56.6
"GB1071","All","Understory","FAGR",22.5
"GE3020","All","Middle","FAGR",14.1
"HOW3051","All","Middle","ACRU",14
"HOW1037","All","Middle","TSCA",33.7
"LF3021","All","Overstory","QURU",58.9
"LF3019","All","Overstory","QURU",39.6
"LF3002","All","Middle","QURU",19.8
"RH2006","All","Overstory","ACRU",20.2
"HOW3055","All","Overstory","TSCA",31.6
"HOW2083","All","Overstory","ACRU",25.2
"HOW2060","All","Middle","TSCA",18.4
"HOW2048","All","Overstory","ACRU",23.4
"LF3044","All","Middle","QURU",27.7
"LF2021","All","Middle","QURU",36.1
"LF3028","All","Understory","QURU",26
"LF3029","All","Overstory","QURU",36.1
"LF3045","All","Overstory","QURU",42.2
"LF3046","All","Understory","ACRU",22.7
"LF3003","All","Understory","FAGR",20.3
"LF3026","All","Understory","QURU",18.8
"LF3009","All","Overstory","ACRU",35.5
"NRP4090","All","Overstory","TSCA",39.9
"NRP4132","All","Overstory","TSCA",29.2
"NRP1029","All","Understory","FAGR",20.7
"PS2102","All","Overstory","TSCA",36.6
"PS2094","All","Overstory","TSCA",28.2
"PS1042","All","Overstory","TSCA",35.1
"PS2125","All","Overstory","TSCA",16.7
"RH2082","All","Overstory","QURU",46.7
"RH2050","All","Understory","FAGR",12.2
"RH2103","All","Overstory","QURU",37.4
"TP1051","All","Understory","TSCA",30.6
"HOW1005","All","Middle","TSCA",17.8
"HOW2054","All","Understory","TSCA",18.8
"LF3053","All","Understory","QURU",25.9
"NRP1019","All","Middle","FAGR",22.6
"PS2052","All","Overstory","TSCA",25.4
"PS1078","All","Middle","TSCA",10.2
"GE2050","All","Understory","ACRU",15.1
"HOW1014","All","Overstory","TSCA",25.5
"HOW3032","All","Middle","ACRU",23.9
"LF1036","All","Overstory","QURU",37.5
"LF2048","All","Middle","ACRU",29.4
"NRP1020","All","Overstory","FAGR",61.3
"PS2029","All","Overstory","TSCA",35
"PS2063","All","Overstory","TSCA",38.3
"PS2021","All","Overstory","TSCA",33.2
"PS2110","All","Overstory","TSCA",34.7
"RH1036","All","Middle","ACRU",20.8
"HOW1069","All","Overstory","TSCA",25.8
"HOW1090","All","Middle","ACRU",17.7
"LF3050","All","Overstory","QURU",33.7
"LF3005","All","Middle","QURU",19
"LF1035","All","Understory","ACRU",28.1
"NRP4079","All","Overstory","TSCA",32.2
"PS2113","All","Overstory","TSCA",39.3
"PS2061","All","Overstory","TSCA",24.7
"PS1086","All","Understory","TSCA",16.8
"RH1055","All","Understory","FAGR",14.4
"HOW2062","All","Overstory","TSCA",34.9
"LF3001","All","Overstory","QURU",37.9
"PS2122","All","Overstory","TSCA",21.2
"PS2097","All","Overstory","TSCA",25
"PS2008","All","Overstory","TSCA",23.1
"PS2038","All","Overstory","TSCA",30.7
"GE3001","All","Understory","FAGR",10.1
"HOW1116","All","Middle","ACRU",18.2
"HOW1024","All","Middle","TSCA",18.4
"HOW1117","All","Overstory","ACRU",14.5
"PS2085","All","Overstory","TSCA",22.8
"PS1096","All","Overstory","TSCA",50.5
"PS1032","All","Middle","TSCA",13.3
"GB1037","All","Overstory","TSCA",39.2
"TP1073","All","Understory","TSCA",35.2
"LF3049","All","Understory","ACRU",21.1
"NRP2032","All","Understory","FAGR",17
"PS2087","All","Understory","TSCA",17.2
"PS1112","All","Middle","TSCA",21.3
"PS2018","All","Overstory","TSCA",26.9
"PS2124","All","Middle","TSCA",16.4
"GB1022","All","Overstory","FAGR",21.8
"GE3033","All","Overstory","ACRU",44.9
"TP2028","All","Understory","ACRU",12.7
"TP2030","All","Understory","ACRU",10.8
"TP2017","All","Overstory","QURU",36.8
"TP2007","All","Understory","ACRU",11.3
"TP2020","All","Understory","ACRU",10.2
"TP2003","All","Understory","ACRU",14
"TP2016","All","Understory","ACRU",10.1
"HOW2089","All","Overstory","TSCA",23.9
"HOW1076","All","Understory","TSCA",14.3
"TP2050","All","Understory","ACRU",12.2
"TP2077","All","Understory","QURU",23.9
"TP2069","All","Overstory","QURU",39.9
"TP2051","All","Understory","QURU",22.4
"TP2084","All","Understory","TSCA",37
"TP2026","All","Understory","QURU",20.4
"TP2066","All","Overstory","QURU",43.6
"TP2083","All","Overstory","QURU",29.2
"HOW1012","All","Overstory","TSCA",27.8
"LF1042","All","Overstory","QURU",53.4
"LF3025","All","Understory","ACRU",15.4
"LF3054","All","Middle","FAGR",23.6
"NRP4073","All","Overstory","TSCA",33.7
"PS2112","All","Overstory","TSCA",24.8
"PS2105","All","Middle","TSCA",24.8
"GE2046","All","Middle","QURU",36.2
"TP2010","All","Understory","TSCA",16.8
"TP2057","All","Middle","QURU",27.9
"TP2055","All","Overstory","QURU",30.4
"TP2024","All","Overstory","QURU",30
"TP2006","All","Middle","QURU",22.3
"TP2041","All","Overstory","QURU",52.9
"TP2067","All","Overstory","QURU",34.6
"TP2015","All","Understory","ACRU",13.4
"TP2056","All","Overstory","QURU",25.1
"HOW1008","All","Understory","TSCA",15.2
"NRP3039","All","Overstory","ACRU",30
"PS2034","All","Overstory","TSCA",35
"PS2006","All","Overstory","ACRU",33.6
"PS2103","All","Middle","TSCA",25.2
"RH1037","All","Overstory","ACRU",22.6
"GE1009","All","Middle","ACRU",22
"GE2009","All","Middle","ACRU",19.5
"TP2019","All","Overstory","QURU",33.4
"TP2086","All","Overstory","QURU",28.5
"TP2018","All","Overstory","QURU",29.7
"TP2042","All","Overstory","QURU",46
"TP2081","All","Overstory","QURU",31
"TP2045","All","Overstory","QURU",33.4
"HOW2077","All","Overstory","TSCA",20.1
"HOW3004","All","Overstory","TSCA",32.1
"HOW2100","All","Middle","TSCA",26.4
"HOW2032","All","Overstory","ACRU",28
"HOW2072","All","Overstory","TSCA",27.1
"PS2033","All","Overstory","TSCA",30.7
"GB2028","All","Overstory","FAGR",34.1
"TP2054","All","Overstory","QURU",31.7
"TP2029","All","Understory","FAGR",18.2
"HOW3059","All","Understory","TSCA",10.8
"HOW1105","All","Middle","ACRU",16.4
"PS2026","All","Overstory","TSCA",37.5
"PS2089","All","Overstory","TSCA",31.8
"RH2098","All","Overstory","QURU",36.7
"TP2013","All","Middle","ACRU",12.1
"TP2021","All","Middle","ACRU",16.5
"TP2031","All","Overstory","QURU",27.9
"NRP4074","All","Overstory","TSCA",38.1
"PS2057","All","Overstory","TSCA",25.1
"GE1005","All","Understory","ACRU",13.8
"TP2085","All","Middle","QURU",22.4
"TP2005","All","Overstory","QURU",43.9
"TP2079","All","Understory","QURU",21.5
"TP2014","All","Overstory","QURU",36.9
"TP2033","All","Middle","QURU",30.8
"TP2038","All","Middle","QURU",19.5
"TP2008","All","Overstory","QURU",35.4
"TP2060","All","Middle","QURU",21.3
"TP2035","All","Overstory","ACRU",22.1
"HOW1011","All","Overstory","TSCA",42.5
"HOW2065","All","Overstory","TSCA",20.2
"NRP3055","All","Overstory","FAGR",37.1
"NRP4109","All","Understory","TSCA",20.5
"PS2118","All","Understory","TSCA",15.5
"GE1049","All","Overstory","ACRU",27
"TP2049","All","Middle","QURU",28.6
"TP2068","All","Overstory","QURU",30.6
"TP2078","All","Understory","TSCA",26.8
"TP2080","All","Overstory","QURU",32.5
"HOW3064","All","Overstory","TSCA",44.5
"HOW3035","All","Understory","TSCA",10.3
"LF3024","All","Understory","ACRU",17.5
"LF3013","All","Understory","ACRU",15.8
"PS2116","All","Understory","TSCA",14.1
"TP2027","All","Middle","QURU",28.5
"TP2043","All","Understory","ACRU",13.4
"PS2020","All","Overstory","TSCA",31.5
"PS2027","All","Overstory","TSCA",23.2
"GE1090","All","Understory","ACRU",18.6
"GE2041","All","Overstory","QURU",38
"TP2044","All","Middle","QURU",31.6
"NRP1006","All","Middle","FAGR",23.9
"GB1055","All","Overstory","FAGR",20.2
"GB1054","All","Understory","FAGR",13.6
"GB2006","All","Middle","FAGR",20.5
"GB2074","All","Middle","FAGR",19
"TP2063","All","Understory","QURU",22.3
"NRP3010","All","Overstory","TSCA",28.5
"NRP4108","All","Overstory","TSCA",31.5
"PS2035","All","Understory","TSCA",13.8
"GE3054","All","Middle","ACRU",15.9
"TP2072","All","Overstory","QURU",32.1
"TP1069","All","Understory","TSCA",31.5
"TP2076","All","Understory","ACRU",20.9
"HOW3080","All","Overstory","TSCA",34
"HOW2026","All","Overstory","TSCA",36.5
"LF1018","All","Overstory","ACRU",26
"NRP3013","All","Overstory","ACRU",22.7
"NRP3087","All","Overstory","ACRU",31.8
"PS2140","All","Overstory","TSCA",32.2
"PS1017","All","Overstory","TSCA",30.5
"PS1019","All","Overstory","TSCA",26.8
"PS2005","All","Understory","TSCA",22.8
"PS2017","All","Overstory","TSCA",24.9
"RH2105","All","Middle","FAGR",18.2
"GE2080","All","Middle","ACRU",10.5
"TP2053","All","Understory","TSCA",13
"TP2062","All","Overstory","QURU",36.1
"LF1011","All","Understory","ACRU",20.6
"NRP1041","All","Understory","FAGR",11.2
"NRP3042","All","Overstory","ACRU",24.6
"PS1114","All","Overstory","ACRU",21.9
"PS1001","All","Understory","TSCA",18.2
"PS2028","All","Overstory","TSCA",20.8
"PS1066","All","Overstory","TSCA",28.5
"PS2135","All","Overstory","TSCA",24.6
"PS1059","All","Overstory","TSCA",33.4
"HOW3036","All","Middle","TSCA",14
"NRP3043","All","Understory","FAGR",10.7
"NRP1049","All","Overstory","FAGR",21.4
"PS1068","All","Overstory","ACRU",37.6
"PS2119","All","Overstory","ACRU",26.3
"PS2130","All","Overstory","TSCA",25.1
"PS2101","All","Overstory","TSCA",27.5
"PS1018","All","Overstory","TSCA",30.8
"PS1063","All","Overstory","TSCA",22.1
"TP2071","All","Understory","TSCA",32.7
"TP2073","All","Overstory","QURU",29.8
"NRP3016","All","Overstory","ACRU",21.2
"PS2059","All","Overstory","TSCA",21.2
"PS2056","All","Overstory","TSCA",22.4
"PS2123","All","Overstory","TSCA",34.1
"PS1008","All","Middle","TSCA",19
"PS2009","All","Overstory","ACRU",20.3
"PS2066","All","Overstory","TSCA",23.9
"PS1049","All","Middle","TSCA",22.3
"PS1044","All","Understory","TSCA",15.9
"PS2016","All","Middle","ACRU",16.2
"TP1026","All","Understory","TSCA",10.6
"HOW2041","All","Middle","TSCA",19.1
"HOW3086","All","Middle","TSCA",13.9
"NRP1024","All","Middle","FAGR",31.5
"NRP2035","All","Understory","FAGR",10.2
"PS1012","All","Understory","TSCA",14.8
"PS2129","All","Overstory","TSCA",30.3
"PS2128","All","Overstory","TSCA",31.2
"PS1038","All","Overstory","TSCA",21.5
"PS1134","All","Overstory","TSCA",27.1
"PS2078","All","Understory","TSCA",10.4
"PS2136","All","Middle","TSCA",20.8
"PS2011","All","Understory","TSCA",19.5
"RH2042","All","Overstory","QURU",50.2
"GB2047","All","Understory","FAGR",12.7
"TP2052","All","Understory","TSCA",16.6
"TP1072","All","Understory","TSCA",23.7
"HOW3025","All","Understory","TSCA",16.7
"PS2093","All","Overstory","TSCA",31.4
"PS1009","All","Understory","TSCA",10.5
"PS2025","All","Overstory","ACRU",13.8
"PS2032","All","Overstory","TSCA",33.1
"PS2088","All","Overstory","TSCA",21.8
"PS1137","All","Overstory","TSCA",30.5
"GB2045","All","Middle","FAGR",13.9
"GB1079","All","Overstory","TSCA",50.9
"GB1005","All","Overstory","FAGR",11.8
"TP1018","All","Understory","TSCA",23.2
"NRP3056","All","Overstory","TSCA",39.6
"PS2081","All","Overstory","TSCA",20.5
"PS2131","All","Overstory","TSCA",25.8
"PS2024","All","Overstory","TSCA",28.8
"PS1006","All","Middle","TSCA",17
"PS1126","All","Overstory","TSCA",24
"PS1052","All","Understory","TSCA",25.9
"TP1058","All","Understory","TSCA",23.7
"LF1017","All","Understory","FAGR",10.3
"NRP4046","All","Overstory","TSCA",23.1
"NRP1013","All","Middle","FAGR",13.5
"PS1010","All","Understory","TSCA",15
"PS2010","All","Understory","TSCA",11.8
"PS2120","All","Understory","TSCA",15.3
"PS2048","All","Understory","TSCA",13.4
"PS2133","All","Overstory","TSCA",24.4
"PS2100","All","Overstory","TSCA",24.8
"PS2036","All","Overstory","ACRU",13.2
"PS1046","All","Overstory","TSCA",27.3
"RH2095","All","Understory","FAGR",13.9
"GB2004","All","Middle","FAGR",15.3
"HOW1042","All","Understory","ACRU",12.1
"LF1028","All","Middle","TSCA",21.4
"LF3027","All","Overstory","QURU",36.1
"PS2072","All","Overstory","TSCA",38.9
"PS1027","All","Overstory","TSCA",18.1
"PS2012","All","Understory","TSCA",12.2
"PS2015","All","Overstory","ACRU",20.3
"GE3068","All","Overstory","ACRU",37.9
"TP1013","All","Understory","TSCA",24.3
"PS2040","All","Understory","TSCA",14.3
"PS2080","All","Middle","TSCA",23.9
"GB2043","All","Overstory","FAGR",12.1
"TP2074","All","Overstory","QURU",32.8
"NRP2044","All","Understory","FAGR",15.8
"PS2086","All","Overstory","QURU",18.9
"PS2039","All","Understory","TSCA",12.4
"PS1048","All","Middle","TSCA",19.3
"PS2013","All","Understory","TSCA",11.5
"PS1056","All","Overstory","TSCA",31
"GB1010","All","Overstory","FAGR",12.8
"GE2074","All","Understory","ACRU",11.4
"TP1035","All","Understory","TSCA",22.4
"TP1027","All","Understory","TSCA",18.4
"LF2023","All","Understory","FAGR",13.4
"NRP3028","All","Middle","ACRU",15.3
"NRP3009","All","Overstory","TSCA",42.5
"NRP4077","All","Overstory","TSCA",32.5
"NRP3075","All","Overstory","FAGR",13
"PS1065","All","Overstory","TSCA",23.4
"HOW2040","All","Understory","TSCA",10.2
"NRP3006","All","Middle","FAGR",13
"RH2004","All","Understory","FAGR",12.1
"RH2102","All","Middle","FAGR",11.3
"GE3043","All","Middle","FAGR",14
"TP1045","All","Understory","TSCA",20.7
"HOW1062","All","Middle","TSCA",24.5
"LF2013","All","Understory","FAGR",13.1
"NRP3063","All","Overstory","FAGR",15.8
"RH1004","All","Understory","FAGR",10.8
"GB1020","All","Understory","FAGR",10.7
"GB2034","All","Middle","FAGR",30.3
"NRP1014","All","Middle","FAGR",18.5
"PS2117","All","Middle","TSCA",17.9
"PS1064","All","Overstory","TSCA",34.4
"GB2044","All","Middle","FAGR",10.6
"GE2030","All","Understory","QURU",23.1
"GE3009","All","Middle","ACRU",17.8
"TP1028","All","Understory","TSCA",19.5
"TP1033","All","Understory","TSCA",12.7
"TP1019","All","Understory","TSCA",16.4
"GB1086","All","Middle","FAGR",16.5
"GE2072","All","Understory","ACRU",12.6
"TP1074","All","Understory","TSCA",21.2
"HOW3087","All","Middle","TSCA",22.8
"HOW3081","All","Overstory","TSCA",26.6
"GE2025","All","Overstory","QURU",46.4
"GE3006","All","Understory","FAGR",10.4
"TP1040","All","Middle","FAGR",13.3
"TP1004","All","Understory","TSCA",27.9
"TP1036","All","Understory","TSCA",12.4
"TP1059","All","Understory","TSCA",33.7
"GE1080","All","Overstory","QURU",58
"TP2070","All","Overstory","QURU",36.5
"LF1026","All","Understory","TSCA",23.7
"NRP4062","All","Overstory","QURU",53
"PS1045","All","Overstory","ACRU",17.2
"GB1001","All","Middle","FAGR",20.7
"TP1032","All","Understory","TSCA",18
"HOW3045","All","Understory","TSCA",11.6
"LF1024","All","Understory","TSCA",23.4
"NRP3073","All","Overstory","QURU",26.9
"PS1028","All","Overstory","TSCA",25.5
"TP1005","All","Understory","TSCA",17.4
"HOW3049","All","Understory","TSCA",17.2
"GB1008","All","Overstory","FAGR",19.7
"GB1050","All","Understory","FAGR",14.9
"GE2088","All","Middle","QURU",39.1
"PS2001","All","Overstory","TSCA",30.2
"GE2027","All","Understory","ACRU",13.2
"LF1001","All","Understory","TSCA",18.1
"GB1002","All","Middle","FAGR",21.4
"GE1046","All","Understory","FAGR",10.2
"TP1002","All","Understory","TSCA",13.9
"PS2134","All","Overstory","TSCA",28.9
"GB1007","All","Middle","FAGR",15.4
"TP1029","All","Understory","TSCA",10.8
"LF1027","All","Understory","TSCA",20.1
"NRP4084","All","Understory","TSCA",26.2
"GB1085","All","Middle","FAGR",19.7
"TP1067","All","Understory","TSCA",23.5
"GB2001","All","Middle","FAGR",12.1
"GE3040","All","Overstory","QURU",45.5
"TP1016","All","Understory","TSCA",16.8
"NRP3072","All","Overstory","QURU",24
"GB1004","All","Overstory","FAGR",15.7
"GB2007","All","Middle","FAGR",10.9
"NRP4103","All","Understory","TSCA",12
"GB1021","All","Overstory","FAGR",27.1
"GB1019","All","Middle","FAGR",19.8
"TP1041","All","Understory","TSCA",16.4
"NRP3034","All","Overstory","TSCA",58.1
"NRP4107","All","Understory","TSCA",16.5
"NRP3023","All","Understory","TSCA",13
"GB2022","All","Overstory","FAGR",12.8
"NRP3067","All","Understory","TSCA",13.3
"TP1009","All","Overstory","TSCA",13.2
"NRP3007","All","Middle","TSCA",13.7
"NRP4110","All","Understory","FAGR",12.7
"GB2040","All","Overstory","FAGR",13
"GB1042","All","Understory","FAGR",11.5
"NRP3070","All","Understory","TSCA",10.4
"LF1008","All","Understory","TSCA",14.6
"LF1019","All","Understory","TSCA",10.4
"LF3011","All","Middle","ACRU",35.7
