"","CoreID","TreeID","plot.id","Site","tree.number","species","canopy.class","live.dead","dbh","stems","total.cores","core.id","pith.present","pith.yr","inner.present","inner.measured","outer.measured","bark.present","inner.dated","outer.dated","dated","Notes","zombie"
"170","DHA001A","DHA001","DHA","Duke Hardwood",1,"QUBI","I","LIVE",15.7,1,2,"A","Y",1921,1921,1922,2014,"Y",1922,2014,"Y","",""
"171","DHA001B","DHA001","DHA","Duke Hardwood",1,"QUBI","I","LIVE",15.7,1,2,"B",NA,NA,1939,1940,2014,"Y",1940,2014,"Y","BREAK",""
"172","DHA002A","DHA002","DHA","Duke Hardwood",2,"LIST","D","LIVE",17.9,1,2,"A",NA,NA,1936,1936,2014,"Y",1936,2014,"N","MEASURE ONLY",""
"173","DHA002B","DHA002","DHA","Duke Hardwood",2,"LIST","D","LIVE",17.9,1,2,"B",NA,NA,1923,1923,2014,"Y",1923,2014,"N","MEASURE ONLY",""
"174","DHA003A","DHA003","DHA","Duke Hardwood",3,"QUBI","D","LIVE",59.3,1,2,"A",NA,NA,1900,1900,2014,"Y",1900,2014,"Y","TIGHT INNER MANY MORE RINGS INSIDE",""
"175","DHA003B","DHA003","DHA","Duke Hardwood",3,"QUBI","D","LIVE",59.3,1,2,"B",NA,NA,1793,1794,2014,"Y",1794,2014,"Y","",""
"176","DHA004A","DHA004","DHA","Duke Hardwood",4,"QUPH","D","LIVE",55.5,1,2,"A",NA,NA,1943,1944,2014,"Y",1944,2014,"Y","",""
"177","DHA004B","DHA004","DHA","Duke Hardwood",4,"QUPH","D","LIVE",55.5,1,2,"B","N",1918,1931,1932,2014,"Y",1932,2014,"Y","",""
"178","DHA005A","DHA005","DHA","Duke Hardwood",5,"QUPH","C","LIVE",24.7,1,2,"N","N",1915,1917,1918,2014,"Y",1918,2014,"Y","",""
"179","DHA005B","DHA005","DHA","Duke Hardwood",5,"QUPH","C","LIVE",24.7,1,2,"B",NA,NA,1934,1935,2014,"Y",1935,2014,"Y","",""
"180","DHA006A","DHA006","DHA","Duke Hardwood",6,"QUPH","C","LIVE",43.1,1,2,"A","N",1907,1910,1911,2014,"Y",1911,2014,"Y","",""
"181","DHA006B","DHA006","DHA","Duke Hardwood",6,"QUPH","C","LIVE",43.1,1,2,"B","N",1913,1937,1938,2014,"Y",1938,2014,"Y","",""
"182","DHA007A","DHA007","DHA","Duke Hardwood",7,"ACRU","I","LIVE",21.3,1,2,"A","Y",1912,1912,1913,2014,"Y",1913,2014,"N","",""
"183","DHA007B","DHA007","DHA","Duke Hardwood",7,"ACRU","I","LIVE",21.3,1,2,"B",NA,NA,1915,1916,2014,"Y",1916,2014,"N","",""
"184","DHA008A","DHA008","DHA","Duke Hardwood",8,"OAK","*","DEAD",22.1,1,2,"A","N",1918,1920,1921,2006,"Y",1921,2006,"Y","",""
"185","DHA008B","DHA008","DHA","Duke Hardwood",8,"OAK","*","DEAD",22.1,1,2,"B",NA,NA,1957,1958,2014,"Y",1958,2014,"Y","",""
"186","DHA009A","DHA009","DHA","Duke Hardwood",9,"ULMUS","*","DEAD",20.8,1,2,"A","N",1792,1802,1803,2014,"Y",1803,2014,"N","",""
"187","DHA009B","DHA009","DHA","Duke Hardwood",9,"ULMUS","*","DEAD",20.8,1,2,"B","N",1802,1813,1814,2014,"Y",1814,2014,"N","",""
"188","DHA010A","DHA010","DHA","Duke Hardwood",10,"LIST","D","LIVE",66.1,1,2,"A",NA,NA,1843,1843,2014,"Y",1843,2014,"N","",""
"189","DHA010B","DHA010","DHA","Duke Hardwood",10,"LIST","D","LIVE",66.1,1,2,"B","N",1792,1798,1799,2014,"Y",1799,2014,"N","",""
"190","DHA011A","DHA011","DHA","Duke Hardwood",11,"OAK","*","DEAD",26.4,1,2,"A",NA,NA,1916,1917,2014,"Y",1917,2014,"N","",""
"191","DHA011B","DHA011","DHA","Duke Hardwood",11,"OAK","*","DEAD",26.4,1,2,"B",NA,NA,NA,NA,NA,NA,NA,NA,NA,"",""
"192","DHA012A","DHA012","DHA","Duke Hardwood",12,"QUBI","C","LIVE",42,1,2,"A","N",1921,1926,1927,2014,"Y",1927,2014,"Y","",""
"193","DHA012B","DHA012","DHA","Duke Hardwood",12,"QUBI","C","LIVE",42,1,2,"B","N",1915,1921,1922,2014,"Y",1922,2014,"Y","",""
"194","DHA013A","DHA013","DHA","Duke Hardwood",13,"LIST","I","LIVE",25.1,1,2,"A",NA,NA,1930,1931,2014,"Y",1931,2014,"N","",""
"195","DHA013B","DHA013","DHA","Duke Hardwood",13,"LIST","I","LIVE",25.1,1,2,"B",NA,NA,1920,1921,2014,"Y",1921,2014,"N","",""
"196","DHA014A","DHA014","DHA","Duke Hardwood",14,"ACRU","S","LIVE",15.9,1,2,"A","Y",1931,1931,1932,2014,"Y",1932,2014,"N","",""
"197","DHA014B","DHA014","DHA","Duke Hardwood",14,"ACRU","S","LIVE",15.9,1,2,"B","Y",1936,1936,1937,2014,"Y",1937,2014,"N","",""
"198","DHA015A","DHA015","DHA","Duke Hardwood",15,"QUBI","I","LIVE",24.5,1,2,"A","N",1921,1931,1932,2014,"Y",1932,2014,"Y","",""
"199","DHA015B","DHA015","DHA","Duke Hardwood",15,"QUBI","I","LIVE",24.5,1,2,"B","N",1922,1928,1929,2014,"Y",1929,2014,"Y","",""
"200","DHA017A","DHA017","DHA","Duke Hardwood",17,"QUBI","I","LIVE",24.5,1,2,"A","N",1913,1915,1916,2014,"Y",1916,2014,"Y","",""
"201","DHA017B","DHA017","DHA","Duke Hardwood",17,"QUBI","I","LIVE",24.5,1,2,"B",NA,NA,1951,1952,2014,"Y",1952,2014,"Y","",""
"202","DHA018A","DHA018","DHA","Duke Hardwood",18,"ULAL","D","LIVE",30.8,1,2,"A",NA,NA,1900,1900,2014,"Y",1900,2014,"N","",""
"203","DHA018B","DHA018","DHA","Duke Hardwood",18,"ULAL","D","LIVE",30.8,1,2,"B",NA,NA,1950,1950,2014,"Y",1950,2014,"N","",""
"204","DHA019A","DHA019","DHA","Duke Hardwood",19,"QUBI","I","LIVE",23,1,2,"A","N",1915,1919,1920,2014,"Y",1920,2014,"Y","",""
"205","DHA019B","DHA019","DHA","Duke Hardwood",19,"QUBI","I","LIVE",23,1,2,"B","N",1927,1929,1930,2014,"Y",1930,2014,"Y","",""
"206","DHA020A","DHA020","DHA","Duke Hardwood",20,"ULAL","I","LIVE",24.2,1,2,"A",NA,NA,1810,1810,2014,"Y",1810,2014,"N","",""
"207","DHA020B","DHA020","DHA","Duke Hardwood",20,"ULAL","I","LIVE",24.2,1,2,"B",NA,NA,NA,NA,NA,NA,NA,NA,NA,"",""
"208","DHA021A","DHA021","DHA","Duke Hardwood",21,"QUBI","I","LIVE",29.7,1,2,"A","Y",1905,1905,1906,2014,"Y",1906,2014,"Y","",""
"209","DHA021B","DHA021","DHA","Duke Hardwood",21,"QUBI","I","LIVE",29.7,1,2,"B","N",1906,1907,1908,2014,"Y",1908,2014,"Y","",""
"210","DHA022A","DHA022","DHA","Duke Hardwood",22,"FRAM","I","LIVE",31.7,1,2,"A",NA,NA,1850,1900,2014,"Y",1900,2014,"Y","BREAK",""
"211","DHA022B","DHA022","DHA","Duke Hardwood",22,"FRAM","I","LIVE",31.7,1,2,"B",NA,NA,1850,1880,2014,"Y",1880,2014,"Y","",""
"212","DHA023A","DHA023","DHA","Duke Hardwood",23,"QUBI","C","LIVE",66.4,1,2,"A","N",1914,1919,1920,2014,"Y",1920,2014,"Y","",""
"213","DHA023B","DHA023","DHA","Duke Hardwood",23,"QUBI","C","LIVE",66.4,1,2,"B",NA,NA,1928,1929,2014,"Y",1929,2014,"Y","",""
"214","DHA024A","DHA024","DHA","Duke Hardwood",24,"ULMUS","*","DEAD",22.2,1,2,"A","Y",1780,1780,1781,2014,"Y",1781,2014,"N","",""
"215","DHA024B","DHA024","DHA","Duke Hardwood",24,"ULMUS","*","DEAD",22.2,1,2,"B","N",1769,1782,1783,2014,"Y",1783,2014,"N","",""
"216","DHA025A","DHA025","DHA","Duke Hardwood",25,"CAOV","D","LIVE",45.8,1,2,"A",NA,NA,1827,1828,2014,"Y",1828,2014,"Y","",""
"217","DHA025B","DHA025","DHA","Duke Hardwood",25,"CAOV","D","LIVE",45.8,1,2,"B",NA,NA,1846,1847,2014,"Y",1847,2014,"Y","",""
"218","DHA027A","DHA027","DHA","Duke Hardwood",27,"FRAM","C","LIVE",37.9,1,2,"A",NA,NA,1830,1831,2014,"Y",1831,2014,"Y","",""
"219","DHA027B","DHA027","DHA","Duke Hardwood",27,"FRAM","C","LIVE",37.9,1,2,"B",NA,NA,1828,1829,2014,"Y",1829,2014,"Y","",""
"220","DHA028A","DHA028","DHA","Duke Hardwood",28,"QUPH","C","LIVE",45.6,1,2,"A","N",1898,1899,1900,2014,"Y",1900,2014,"Y","",""
"221","DHA028B","DHA028","DHA","Duke Hardwood",28,"QUPH","C","LIVE",45.6,1,2,"B",NA,NA,1905,1906,2014,"Y",1906,2014,"Y","",""
"222","DHA029A","DHA029","DHA","Duke Hardwood",29,"QUPH","I","LIVE",33.1,1,2,"A","N",1918,1921,1922,2014,"Y",1922,2014,"Y","",""
"223","DHA029B","DHA029","DHA","Duke Hardwood",29,"QUPH","I","LIVE",33.1,1,2,"B",NA,NA,1956,1957,2014,"Y",1957,2014,"Y","",""
"224","DHA030A","DHA030","DHA","Duke Hardwood",30,"ULAL","I","LIVE",30.3,1,2,"A",NA,NA,1823,1824,2014,"Y",1824,2014,"N","",""
"225","DHA030B","DHA030","DHA","Duke Hardwood",30,"ULAL","I","LIVE",30.3,1,2,"B","Y",1810,1810,1830,2014,"Y",1830,2014,"N","",""
"226","DHA031A","DHA031","DHA","Duke Hardwood",31,"QUBI","I","LIVE",34.4,1,2,"A","N",1917,1928,1929,2014,"Y",1929,2014,"Y","",""
"227","DHA031B","DHA031","DHA","Duke Hardwood",31,"QUBI","I","LIVE",34.4,1,2,"B","N",1920,1923,1924,2014,"Y",1924,2014,"Y","",""
"228","DHA032A","DHA032","DHA","Duke Hardwood",32,"CAOV","C","LIVE",41.4,1,2,"A",NA,NA,1940,1940,2014,"Y",1940,2014,"N","",""
"229","DHA032B","DHA032","DHA","Duke Hardwood",32,"CAOV","C","LIVE",41.4,1,2,"B",NA,NA,1928,1928,2014,"Y",1928,2014,"Y","ROTTEN",""
"230","DHA033A","DHA033","DHA","Duke Hardwood",33,"ACRU","C","LIVE",31,1,2,"A","N",1942,1945,1946,2011,"Y",1946,2011,"N","",""
"231","DHA033B","DHA033","DHA","Duke Hardwood",33,"ACRU","C","LIVE",31,1,2,"B","N",1935,1937,1938,2014,"Y",1938,2014,"N","",""
"232","DHA034A","DHA034","DHA","Duke Hardwood",34,"ULAL","C","LIVE",24.5,1,2,"A","N",1812,1820,1821,2014,"Y",1821,2014,"N","",""
"233","DHA034B","DHA034","DHA","Duke Hardwood",34,"ULAL","C","LIVE",24.5,1,2,"B","N",1797,1800,1801,2014,"Y",1801,2014,"N","",""
"234","DHA035A","DHA035","DHA","Duke Hardwood",35,"CAOV","D","LIVE",38.6,1,2,"A",NA,NA,1852,1853,2014,"Y",1853,2014,"Y","",""
"235","DHA035B","DHA035","DHA","Duke Hardwood",35,"CAOV","D","LIVE",38.6,1,2,"B",NA,NA,1860,1877,2014,"Y",1877,2014,"Y","SCAR",""
"236","DHA036A","DHA036","DHA","Duke Hardwood",36,"ULAL","C","LIVE",20.1,1,2,"A","Y",1799,1799,1800,2014,"Y",1800,2014,"N","",""
"237","DHA036B","DHA036","DHA","Duke Hardwood",36,"ULAL","C","LIVE",20.1,1,2,"B","N",1828,1835,1836,2014,"Y",1836,2014,"N","",""
"238","DHA037A","DHA037","DHA","Duke Hardwood",37,"ACRU","S","LIVE",23.5,1,2,"A",NA,NA,1913,1914,2014,"Y",1914,2014,"N","",""
"239","DHA037B","DHA037","DHA","Duke Hardwood",37,"ACRU","S","LIVE",23.5,1,2,"B","N",1909,1912,1913,2014,"Y",1913,2014,"N","",""
"240","DHA038A","DHA038","DHA","Duke Hardwood",38,"NYSY","I","LIVE",24.9,1,2,"A",NA,NA,1877,1877,2014,"Y",1877,2014,"N","MEASURE ONLY",""
"241","DHA038B","DHA038","DHA","Duke Hardwood",38,"NYSY","I","LIVE",24.9,1,2,"B",NA,NA,1902,1902,2014,"Y",1902,2014,"N","MEASURE ONLY",""
"242","DHA039A","DHA039","DHA","Duke Hardwood",39,"ULAL","C","LIVE",26.9,1,2,"A","N",1823,1828,1928,2014,"Y",1829,2014,"N","",""
"243","DHA039B","DHA039","DHA","Duke Hardwood",39,"ULAL","C","LIVE",26.9,1,2,"B",NA,NA,1810,1810,2014,"Y",1810,2014,"N","",""
"244","DHA099A","DHA099","DHA","Duke Hardwood",99,"LIST","C","LIVE",32.4,1,2,"A","N",1904,1909,1910,2014,"Y",1910,2014,"N","",""
"245","DHA099B","DHA099","DHA","Duke Hardwood",99,"LIST","C","LIVE",32.4,1,2,"B","N",1907,1921,1922,2014,"Y",1922,2014,"N","",""
"246","DHB001A","DHB001","DHB","Duke Hardwood",1,"QUVE","D","LIVE",61.5,1,2,"A","N",1906,1907,1908,2014,"Y",1908,2014,"Y","",""
"247","DHB001B","DHB001","DHB","Duke Hardwood",1,"QUVE","D","LIVE",61.5,1,2,"B",NA,NA,1917,1918,2014,"Y",1918,2014,"Y","",""
"248","DHB002A","DHB002","DHB","Duke Hardwood",2,"LITU","I","LIVE",19.9,1,2,"A",NA,NA,1930,1930,2014,"Y",1930,2014,"N","",""
"249","DHB002B","DHB002","DHB","Duke Hardwood",2,"LITU","I","LIVE",19.9,1,2,"B","N",1906,1909,1910,2014,"Y",1910,2014,"Y","",""
"250","DHB003A","DHB003","DHB","Duke Hardwood",3,"LITU","S","LIVE",12.2,1,2,"A","N",1898,1900,1901,2014,"Y",1901,2014,"N","",""
"251","DHB003B","DHB003","DHB","Duke Hardwood",3,"LITU","S","LIVE",12.2,1,2,"B","N",1902,1909,1910,2014,"Y",1910,2014,"N","",""
"252","DHB004A","DHB004","DHB","Duke Hardwood",4,"NYSY","S","LIVE",11.9,1,2,"A",NA,NA,1898,1899,2014,"Y",1899,2014,"N","",""
"253","DHB004B","DHB004","DHB","Duke Hardwood",4,"NYSY","S","LIVE",11.9,1,2,"B","Y",1909,1909,1910,2014,"Y",1910,2014,"N","",""
"254","DHB005A","DHB005","DHB","Duke Hardwood",5,"LITU","D","LIVE",48.8,1,2,"A",NA,NA,1921,1922,2014,"Y",1922,2014,"Y","",""
"255","DHB005B","DHB005","DHB","Duke Hardwood",5,"LITU","D","LIVE",48.8,1,2,"B","N",1905,1909,1910,2014,"Y",1910,2014,"Y","",""
"256","DHB006A","DHB006","DHB","Duke Hardwood",6,"LITU","C","LIVE",39.6,1,2,"A","N",1897,1910,1911,2014,"Y",1911,2014,"Y","",""
"257","DHB006B","DHB006","DHB","Duke Hardwood",6,"LITU","C","LIVE",39.6,1,2,"B","N",1898,1899,1900,2014,"Y",1900,2014,"Y","",""
"258","DHB007A","DHB007","DHB","Duke Hardwood",7,"LITU","I","LIVE",30.8,1,2,"A","N",1903,1911,1921,2014,"Y",1912,2014,"Y","",""
"259","DHB007B","DHB007","DHB","Duke Hardwood",7,"LITU","I","LIVE",30.8,1,2,"B","N",1902,1906,1907,2014,"Y",1907,2014,"Y","",""
"260","DHB008A","DHB008","DHB","Duke Hardwood",8,"LITU","C","LIVE",43.9,1,2,"A","N",1900,1901,1902,2014,"Y",1902,2014,"Y","",""
"261","DHB008B","DHB008","DHB","Duke Hardwood",8,"LITU","C","LIVE",43.9,1,2,"B","N",1902,1908,1909,2014,"Y",1909,2014,"Y","",""
"262","DHB009A","DHB009","DHB","Duke Hardwood",9,"CATO","D","LIVE",52.6,1,2,"A",NA,NA,1883,1890,2014,"Y",1890,2014,"Y","",""
"263","DHB009B","DHB009","DHB","Duke Hardwood",9,"CATO","D","LIVE",52.6,1,2,"B",NA,NA,1894,1895,2014,"Y",1895,2014,"Y","",""
"264","DHB010A","DHB010","DHB","Duke Hardwood",10,"LITU","I","LIVE",30.8,1,2,"A","Y",1919,1919,1920,2014,"Y",1920,2014,"Y","",""
"265","DHB010B","DHB010","DHB","Duke Hardwood",10,"LITU","I","LIVE",30.8,1,2,"B","Y",1918,1918,1919,2014,"Y",1919,2014,"Y","",""
"266","DHB011A","DHB011","DHB","Duke Hardwood",11,"LITU","S","LIVE",16.3,1,2,"A","N",1900,1901,1902,2014,"Y",1902,2014,"N","",""
"267","DHB011B","DHB011","DHB","Duke Hardwood",11,"LITU","S","LIVE",16.3,1,2,"B","N",1900,1920,1903,2014,"Y",1903,2014,"N","",""
"268","DHB012A","DHB012","DHB","Duke Hardwood",12,"LITU","C","LIVE",41.7,1,2,"A",NA,NA,1910,1911,2014,"Y",1911,2014,"Y","",""
"269","DHB012B","DHB012","DHB","Duke Hardwood",12,"LITU","C","LIVE",41.7,1,2,"B","N",1897,1906,1907,2014,"Y",1907,2014,"Y","",""
"270","DHB013A","DHB013","DHB","Duke Hardwood",13,"ULAL","S","LIVE",20.5,1,2,"A","N",1842,1844,1845,2014,"Y",1845,2014,"N","",""
"271","DHB013B","DHB013","DHB","Duke Hardwood",13,"ULAL","S","LIVE",20.5,1,2,"B","N",1860,1862,1863,2014,"Y",1863,2014,"N","",""
"272","DHB014A","DHB014","DHB","Duke Hardwood",14,"NYSY","S","LIVE",11.8,1,2,"A",NA,NA,NA,NA,NA,NA,NA,NA,NA,"",""
"273","DHB014B","DHB014","DHB","Duke Hardwood",14,"NYSY","S","LIVE",11.8,1,2,"B",NA,NA,NA,NA,NA,NA,NA,NA,NA,"",""
"274","DHB015A","DHB015","DHB","Duke Hardwood",15,"CATO","D","LIVE",43.3,1,1,"A",NA,NA,1842,1900,2014,"Y",1900,2014,"Y","",""
"275","DHB015B","DHB015","DHB","Duke Hardwood",15,"CATO","D","LIVE",43.3,1,1,"B",NA,NA,1820,1821,2014,"Y",1880,2014,"Y","",""
"276","DHB016A","DHB016","DHB","Duke Hardwood",16,"CAGL","C","LIVE",62.9,1,2,"A",NA,NA,1889,1890,2014,"Y",1890,2014,"Y","",""
"277","DHB016B","DHB016","DHB","Duke Hardwood",16,"CAGL","C","LIVE",62.9,1,2,"B",NA,NA,NA,NA,NA,NA,NA,NA,NA,"",""
"278","DHB017A","DHB017","DHB","Duke Hardwood",17,"CAGL","C","LIVE",40.5,1,1,"A",NA,NA,1848,1849,2014,"Y",1849,2014,"N","",""
"279","DHB017B","DHB017","DHB","Duke Hardwood",17,"CAGL","C","LIVE",40.5,1,1,"B",NA,NA,1876,1877,2014,"Y",1877,2014,"Y","",""
"280","DHB018A","DHB018","DHB","Duke Hardwood",18,"CATO","C","LIVE",73.3,1,2,"A",NA,NA,1880,1881,2014,"Y",1881,2014,"N","",""
"281","DHB018B","DHB018","DHB","Duke Hardwood",18,"CATO","C","LIVE",73.3,1,2,"B",NA,NA,NA,NA,NA,NA,NA,NA,NA,"",""
"282","DHB019A","DHB019","DHB","Duke Hardwood",19,"QUAL","I","LIVE",20,1,2,"A",NA,NA,1960,1960,2014,"Y",1960,2014,"Y","SCAR",""
"283","DHB019B","DHB019","DHB","Duke Hardwood",19,"QUAL","I","LIVE",20,1,2,"B","Y",1905,1905,1906,2014,"Y",1906,2014,"Y","",""
"284","DHB020A","DHB020","DHB","Duke Hardwood",20,"LITU","C","LIVE",32.4,1,2,"A","N",1927,1938,1937,2014,"Y",1939,2014,"Y","",""
"285","DHB020B","DHB020","DHB","Duke Hardwood",20,"LITU","C","LIVE",32.4,1,2,"B",NA,NA,1939,1940,2014,"Y",1940,2014,"Y","",""
"286","DHB021A","DHB021","DHB","Duke Hardwood",21,"LITU","C","LIVE",47.9,1,2,"A","N",1900,1901,1902,2014,"Y",1902,2014,"Y","",""
"287","DHB021B","DHB021","DHB","Duke Hardwood",21,"LITU","C","LIVE",47.9,1,2,"B","N",1901,1902,1903,2014,"Y",1903,2014,"Y","",""
"288","DHB022A","DHB022","DHB","Duke Hardwood",22,"CAOV","I","LIVE",31,1,2,"A","N",1919,1926,1927,2014,"Y",1927,2014,"N","",""
"289","DHB022B","DHB022","DHB","Duke Hardwood",22,"CAOV","I","LIVE",31,1,2,"B","N",1915,1924,1925,2014,"Y",1925,2014,"N","",""
"290","DHB023A","DHB023","DHB","Duke Hardwood",23,"LITU","C","LIVE",36.2,1,2,"A","N",1915,1920,1921,2014,"Y",1921,2014,"Y","",""
"291","DHB023B","DHB023","DHB","Duke Hardwood",23,"LITU","C","LIVE",36.2,1,2,"B","Y",1917,1917,1918,2010,"Y",1918,2010,"Y","BREAK",""
"292","DHB024A","DHB024","DHB","Duke Hardwood",24,"LITU","C","LIVE",33.6,1,2,"A","N",1906,1909,1910,2014,"Y",1910,2014,"Y","",""
"293","DHB024B","DHB024","DHB","Duke Hardwood",24,"LITU","C","LIVE",33.6,1,2,"B","N",1901,1904,1905,2014,"Y",1905,2014,"Y","",""
"294","DHB025A","DHB025","DHB","Duke Hardwood",25,"NYSY","I","LIVE",29.6,1,2,"A",NA,NA,1823,1824,2014,"Y",1824,2014,"N","",""
"295","DHB025B","DHB025","DHB","Duke Hardwood",25,"NYSY","I","LIVE",29.6,1,2,"B","Y",1816,1816,1817,2014,"Y",1817,2014,"N","",""
"296","DHB026A","DHB026","DHB","Duke Hardwood",26,"LITU","C","LIVE",38.3,1,2,"A",NA,NA,1927,1928,2014,"Y",1928,2014,"Y","",""
"297","DHB026B","DHB026","DHB","Duke Hardwood",26,"LITU","C","LIVE",38.3,1,2,"B","N",1894,1895,1896,2014,"Y",1896,2014,"Y","",""
"298","DHB027A","DHB027","DHB","Duke Hardwood",27,"LITU","C","LIVE",46.8,1,2,"A","N",1901,1905,1906,2014,"Y",1906,2014,"Y","",""
"299","DHB027B","DHB027","DHB","Duke Hardwood",27,"LITU","C","LIVE",46.8,1,2,"B","N",1895,1905,1906,2014,"Y",1906,2014,"Y","",""
"300","DHB028A","DHB028","DHB","Duke Hardwood",28,"LITU","C","LIVE",46.2,1,2,"A","N",1906,1914,1915,2014,"Y",1915,2014,"Y","",""
"301","DHB028B","DHB028","DHB","Duke Hardwood",28,"LITU","C","LIVE",46.2,1,2,"B",NA,NA,1907,1908,2014,"Y",1908,2014,"Y","",""
"302","DHB029A","DHB029","DHB","Duke Hardwood",29,"LITU","C","LIVE",28.5,1,2,"A","Y",1903,1903,1904,2014,"Y",1904,2014,"Y","",""
"303","DHB029B","DHB029","DHB","Duke Hardwood",29,"LITU","C","LIVE",28.5,1,2,"B","N",1902,1908,1909,2014,"Y",1909,2014,"Y","",""
"304","DHB030A","DHB030","DHB","Duke Hardwood",30,"LITU","C","LIVE",35.4,1,1,"A",NA,NA,1919,1921,2014,"Y",1921,2014,"Y","",""
"305","DHB030B","DHB030","DHB","Duke Hardwood",30,"LITU","C","LIVE",35.4,1,1,"B",NA,NA,1915,1916,2014,"Y",1916,2014,"Y","",""
"306","DHB031A","DHB031","DHB","Duke Hardwood",31,"CAGL","D","LIVE",63.8,1,2,"A",NA,NA,1797,1900,2014,"Y",1900,2014,"Y","",""
"307","DHB031B","DHB031","DHB","Duke Hardwood",31,"CAGL","D","LIVE",63.8,1,2,"B",NA,NA,NA,NA,NA,NA,NA,NA,NA,"",""
"308","DHB032A","DHB032","DHB","Duke Hardwood",32,"CAGL","C","LIVE",42.6,1,2,"A",NA,NA,1921,1922,2014,"Y",1922,2014,"N","",""
"309","DHB032B","DHB032","DHB","Duke Hardwood",32,"CAGL","C","LIVE",42.6,1,2,"B",NA,NA,1830,1960,2014,"Y",1960,2014,"N","",""
"310","DHB033A","DHB033","DHB","Duke Hardwood",33,"LITU","I","LIVE",23.4,1,2,"A","N",1901,1904,1905,2014,"Y",1905,2014,"Y","",""
"311","DHB033B","DHB033","DHB","Duke Hardwood",33,"LITU","I","LIVE",23.4,1,2,"B","Y",1900,1900,1901,2014,"Y",1901,2014,"Y","",""
"312","DHB034A","DHB034","DHB","Duke Hardwood",34,"LIST","I","LIVE",24.3,1,2,"A",NA,NA,NA,NA,NA,NA,NA,NA,NA,"",""
"313","DHB034B","DHB034","DHB","Duke Hardwood",34,"LIST","I","LIVE",24.3,1,2,"B",NA,NA,1910,1910,2014,"Y",1910,2014,"N","",""
"314","DHB035A","DHB035","DHB","Duke Hardwood",35,"QUVE","I","LIVE",26,1,2,"A",NA,NA,1925,1926,2014,"Y",1926,2014,"Y","",""
"315","DHB035B","DHB035","DHB","Duke Hardwood",35,"QUVE","I","LIVE",26,1,2,"B",NA,NA,1912,1960,2014,"Y",1960,2014,"Y","",""
"316","DHC001A","DHC001","DHC","Duke Hardwood",1,"ULAL","C","LIVE",32.8,1,2,"A","Y",1785,1785,1786,2014,"Y",1786,2014,"N","",""
"317","DHC001B","DHC001","DHC","Duke Hardwood",1,"ULAL","C","LIVE",32.8,1,2,"B","N",1789,1802,1803,2014,"Y",1803,2014,"N","",""
"318","DHC002A","DHC002","DHC","Duke Hardwood",2,"QUBI","I","LIVE",16.7,1,2,"A","N",1921,1924,1925,2014,"Y",1925,2014,"Y","",""
"319","DHC002B","DHC002","DHC","Duke Hardwood",2,"QUBI","I","LIVE",16.7,1,2,"B",NA,NA,1926,1927,2014,"Y",1927,2014,"Y","",""
"320","DHC003A","DHC003","DHC","Duke Hardwood",3,"LIST","C","LIVE",42,1,2,"A",NA,NA,1900,1900,2014,"Y",1900,2014,"N","",""
"321","DHC003B","DHC003","DHC","Duke Hardwood",3,"LIST","C","LIVE",42,1,2,"B",NA,NA,1920,1921,2014,"Y",1921,2014,"N","",""
"322","DHC004A","DHC004","DHC","Duke Hardwood",4,"CAOV","C","LIVE",41.4,1,2,"A","Y",1919,1922,1923,2014,"Y",1923,2014,"Y","",""
"323","DHC004B","DHC004","DHC","Duke Hardwood",4,"CAOV","C","LIVE",41.4,1,2,"B",NA,NA,1923,1924,2014,"Y",1924,2014,"Y","",""
"324","DHC005A","DHC005","DHC","Duke Hardwood",5,"ACRU","C","LIVE",21.9,1,2,"A","N",1930,1941,1942,2014,"Y",1942,2014,"N","",""
"325","DHC005B","DHC005","DHC","Duke Hardwood",5,"ACRU","C","LIVE",21.9,1,2,"B","N",1920,1921,1922,2014,"Y",1922,2014,"N","",""
"326","DHC007A","DHC007","DHC","Duke Hardwood",7,"QUBI","I","LIVE",29.3,1,2,"A","N",1920,1924,1925,2014,"Y",1925,2014,"Y","",""
"327","DHC007B","DHC007","DHC","Duke Hardwood",7,"QUBI","I","LIVE",29.3,1,2,"B","N",1923,1926,1927,2014,"Y",1927,2014,"Y","",""
"328","DHC008A","DHC008","DHC","Duke Hardwood",8,"QUBI","I","LIVE",16.2,1,2,"A","N",1921,1931,1932,2014,"Y",1932,2014,"Y","",""
"329","DHC008B","DHC008","DHC","Duke Hardwood",8,"QUBI","I","LIVE",16.2,1,2,"B","Y",1915,1915,1916,2014,"Y",1916,2014,"Y","",""
"330","DHC009A","DHC009","DHC","Duke Hardwood",9,"NYSY","I","LIVE",24.4,1,2,"A",NA,NA,1820,1821,2014,"Y",1821,2014,"N","",""
"331","DHC009B","DHC009","DHC","Duke Hardwood",9,"NYSY","I","LIVE",24.4,1,2,"B","N",1794,1796,1797,2014,"Y",1797,2014,"N","",""
"332","DHC011A","DHC011","DHC","Duke Hardwood",11,"QUBI","C","LIVE",80.4,1,2,"A","Y",1883,1883,1884,2014,"Y",1884,2014,"Y","",""
"333","DHC011B","DHC011","DHC","Duke Hardwood",11,"QUBI","C","LIVE",80.4,1,2,"B",NA,NA,1907,1908,2014,"Y",1908,2014,"Y","",""
"334","DHC012A","DHC012","DHC","Duke Hardwood",12,"ULMUS","*","DEAD",22.8,1,2,"A",NA,NA,NA,NA,NA,NA,NA,NA,NA,"",""
"335","DHC012B","DHC012","DHC","Duke Hardwood",12,"ULMUS","*","DEAD",22.8,1,2,"B",NA,NA,NA,NA,NA,NA,NA,NA,NA,"",""
"336","DHC013A","DHC013","DHC","Duke Hardwood",13,"CAOV","S","LIVE",15.6,1,2,"A","Y",1910,1910,1911,2014,"Y",1911,2014,"N","",""
"337","DHC013B","DHC013","DHC","Duke Hardwood",13,"CAOV","S","LIVE",15.6,1,2,"B","N",1909,1910,1911,2014,"Y",1911,2014,"N","",""
"338","DHC014A","DHC014","DHC","Duke Hardwood",14,"ULAL","I","LIVE",26,1,2,"A","Y",1798,1798,1799,2014,"Y",1799,2014,"N","",""
"339","DHC014B","DHC014","DHC","Duke Hardwood",14,"ULAL","I","LIVE",26,1,2,"B","N",1798,1801,1802,2014,"Y",1802,2014,"N","",""
"340","DHC015A","DHC015","DHC","Duke Hardwood",15,"CAOV","C","LIVE",37.7,1,2,"A","N",1817,1833,1834,2014,"Y",1834,2014,"N","",""
"341","DHC015B","DHC015","DHC","Duke Hardwood",15,"CAOV","C","LIVE",37.7,1,2,"B","N",1817,1823,1824,2014,"Y",1824,2014,"N","",""
"342","DHC016A","DHC016","DHC","Duke Hardwood",16,"CAOV","C","LIVE",60.3,1,2,"A",NA,NA,1893,1894,2014,"Y",1894,2014,"Y","",""
"343","DHC016B","DHC016","DHC","Duke Hardwood",16,"CAOV","C","LIVE",60.3,1,2,"B",NA,NA,1892,1893,2014,"Y",1893,2014,"Y","",""
"344","DHC017A","DHC017","DHC","Duke Hardwood",17,"LIST","I","LIVE",25.3,1,2,"A",NA,NA,1903,1904,2014,"Y",1904,2014,"N","",""
"345","DHC017B","DHC017","DHC","Duke Hardwood",17,"LIST","I","LIVE",25.3,1,2,"B","Y",1888,1888,1889,2014,"Y",1889,2014,"N","",""
"346","DHC018A","DHC018","DHC","Duke Hardwood",18,"ULAL","C","LIVE",24.8,1,2,"A","N",1836,1855,1856,2014,"Y",1856,2014,"N","",""
"347","DHC018B","DHC018","DHC","Duke Hardwood",18,"ULAL","C","LIVE",24.8,1,2,"B","N",1825,1828,1829,2014,"Y",1829,2014,"N","",""
"348","DHC019A","DHC019","DHC","Duke Hardwood",19,"LITU","C","LIVE",28.9,1,2,"A","N",1900,1904,1905,2014,"Y",1905,2014,"Y","",""
"349","DHC019B","DHC019","DHC","Duke Hardwood",19,"LITU","C","LIVE",28.9,1,2,"B","N",1902,1903,1904,2014,"Y",1904,2014,"Y","",""
"350","DHC020A","DHC020","DHC","Duke Hardwood",20,"QUPH","C","LIVE",19.6,1,2,"A",NA,NA,1928,1929,2014,"Y",1929,2014,"Y","",""
"351","DHC020B","DHC020","DHC","Duke Hardwood",20,"QUPH","C","LIVE",19.6,1,2,"B",NA,NA,1909,1932,2014,"Y",1932,2014,"Y","",""
"352","DHC021A","DHC021","DHC","Duke Hardwood",21,"LIST","I","LIVE",25.3,1,2,"A",NA,NA,1853,1854,2014,"Y",1854,2014,"N","MEASURE ONLY",""
"353","DHC021B","DHC021","DHC","Duke Hardwood",21,"LIST","I","LIVE",25.3,1,2,"B",NA,NA,1820,1820,2014,"Y",1820,2014,"N","MEASURE ONLY",""
"354","DHC022A","DHC022","DHC","Duke Hardwood",22,"ULAL","C","LIVE",31.3,1,2,"A","N",1833,1838,1839,2014,"Y",1839,2014,"N","",""
"355","DHC022B","DHC022","DHC","Duke Hardwood",22,"ULAL","C","LIVE",31.3,1,2,"B","Y",1802,1802,1810,2014,"Y",1810,2014,"N","",""
"356","DHC023A","DHC023","DHC","Duke Hardwood",23,"QUBI","C","LIVE",74.5,1,2,"A",NA,NA,1895,1897,2014,"Y",1897,2014,"Y","",""
"357","DHC023B","DHC023","DHC","Duke Hardwood",23,"QUBI","C","LIVE",74.5,1,2,"B","N",1854,1859,1860,2014,"Y",1860,2014,"Y","",""
"358","DHC024A","DHC024","DHC","Duke Hardwood",24,"QUBI","C","LIVE",54.6,1,2,"A","N",1850,1852,1853,2014,"Y",1853,2014,"Y","",""
"359","DHC024B","DHC024","DHC","Duke Hardwood",24,"QUBI","C","LIVE",54.6,1,2,"B",NA,NA,1930,1931,2014,"Y",1931,2014,"Y","",""
"360","DHC025A","DHC025","DHC","Duke Hardwood",25,"QUBI","C","LIVE",57.7,1,2,"A",NA,NA,1909,1910,2014,"Y",1910,2014,"Y","",""
"361","DHC025B","DHC025","DHC","Duke Hardwood",25,"QUBI","C","LIVE",57.7,1,2,"B",NA,NA,1910,1911,2014,"Y",1911,2014,"Y","",""
"362","DHC026A","DHC026","DHC","Duke Hardwood",26,"QUPH","C","LIVE",42,1,2,"A","Y",1919,1919,1920,2014,"Y",1920,2014,"Y","",""
"363","DHC026B","DHC026","DHC","Duke Hardwood",26,"QUPH","C","LIVE",42,1,2,"B",NA,NA,1933,1934,2014,"Y",1934,2014,"Y","",""
"364","DHC027A","DHC027","DHC","Duke Hardwood",27,"NYSY","I","LIVE",29.3,1,2,"A",NA,NA,1820,1820,2014,"Y",1820,2014,"N","",""
"365","DHC027B","DHC027","DHC","Duke Hardwood",27,"NYSY","I","LIVE",29.3,1,2,"B",NA,NA,1745,1745,2014,"Y",1745,2014,"N","",""
"366","DHC028A","DHC028","DHC","Duke Hardwood",28,"QUBI","I","LIVE",38.6,1,2,"A",NA,NA,1929,1930,2014,"N",1930,2014,"Y","",""
"367","DHC028B","DHC028","DHC","Duke Hardwood",28,"QUBI","I","LIVE",38.6,1,2,"B","N",1912,1915,1916,2014,"Y",1916,2014,"Y","",""
"368","DHC029A","DHC029","DHC","Duke Hardwood",29,"NYSY","I","LIVE",31,1,2,"A","N",1795,1803,1804,2014,"Y",1804,2014,"N","",""
"369","DHC029B","DHC029","DHC","Duke Hardwood",29,"NYSY","I","LIVE",31,1,2,"B","N",1785,1793,1794,2014,"Y",1794,2014,"N","",""
"370","DHC031A","DHC031","DHC","Duke Hardwood",31,"QUBI","I","LIVE",14.5,1,2,"A","N",1934,1937,1938,2014,"Y",1938,2014,"Y","",""
"371","DHC031B","DHC031","DHC","Duke Hardwood",31,"QUBI","I","LIVE",14.5,1,2,"B","N",1920,1922,1923,2014,"Y",1923,2014,"Y","",""
