"TreeID","PlotID","Site","Tree","Species","Canopy.Class","Live.Dead","DBH..cm.","Stems","Total.Cores","Basal.Area..cm2.","basal.area..m2.ha.","Density..stems.ha.","notes","Distance","Azimuth","plot","Dated","Pith"
"HOW1001","HOW1","Howland",1,"PCRU","I","LIVE",23,1,2,415.5,0.782544379,18.83490451,NA,3.4,263,"1","Y",NA
"HOW1002","HOW1","Howland",2,"PCRU","SNAG","DEAD",13.2,1,2,136.8,0.257751479,18.83490451,NA,3.5,286,"1","Y",NA
"HOW1003","HOW1","Howland",3,"PCRU","I","LIVE",21.3,1,2,356.3,0.671139053,18.83490451,NA,4.85,273,"1",NA,NA
"HOW1004","HOW1","Howland",4,"PCRU","I","LIVE",16,1,2,201.1,0.378698225,18.83490451,NA,5.45,275,"1","Y",NA
"HOW1005","HOW1","Howland",5,"TSCA","I","LIVE",17.8,1,2,248.8,0.468698225,18.83490451,NA,6.75,295,"1","Y",NA
"HOW1006","HOW1","Howland",6,"PCRU","C","LIVE",27.5,1,2,594,1.118713018,18.83490451,NA,6.73,260,"1","Y",NA
"HOW1007","HOW1","Howland",7,"ACRU","C","LIVE",27,1,2,572.6,1.078402367,18.83490451,NA,7.34,276,"1","Y",NA
"HOW1008","HOW1","Howland",8,"TSCA","S","LIVE",15.2,1,2,181.5,0.341775148,18.83490451,NA,8.24,284,"1","Y",NA
"HOW1009","HOW1","Howland",9,"PCRU","C","LIVE",21.3,1,2,356.3,0.671139053,18.83490451,NA,9.45,297,"1","Y",NA
"HOW1010","HOW1","Howland",10,"PCRU","I","LIVE",13.5,1,2,143.1,0.269600592,18.83490451,NA,11.5,294,"1","Y",NA
"HOW1011","HOW1","Howland",11,"TSCA","D","LIVE",42.5,1,2,1418.6,2.671967456,18.83490451,NA,12.8,287,"1","Y",NA
"HOW1012","HOW1","Howland",12,"TSCA","D","LIVE",27.8,1,2,607,1.143254438,18.83490451,NA,16.1,278,"1","Y",NA
"HOW1013","HOW1","Howland",13,"PCRU","C","LIVE",29,1,2,660.5,1.24408284,18.83490451,NA,19.5,293,"1","Y",NA
"HOW1014","HOW1","Howland",14,"TSCA","C","LIVE",25.5,1,2,510.7,0.961908284,18.83490451,NA,19.6,281,"1","Y",NA
"HOW1020","HOW1","Howland",20,"PCRU","C","LIVE",20.5,1,2,330.1,0.621671598,18.83490451,NA,5.5,298,"1","Y",NA
"HOW1021","HOW1","Howland",21,"PCRU","C","LIVE",28.7,1,2,646.9,1.218476331,18.83490451,NA,7.3,333,"1","Y",NA
"HOW1022","HOW1","Howland",22,"PCRU","SNAG","DEAD",17.1,1,2,229.7,0.432559172,18.83490451,NA,9.7,334,"1","Y",NA
"HOW1023","HOW1","Howland",23,"PCRU","C","LIVE",29.5,1,2,683.5,1.287352071,18.83490451,NA,11.1,345,"1","Y",NA
"HOW1024","HOW1","Howland",24,"TSCA","I","LIVE",18.4,1,2,265.9,0.500828402,18.83490451,NA,11.2,327,"1","Y",NA
"HOW1025","HOW1","Howland",25,"PCRU","C","LIVE",20.7,1,2,336.5,0.633860947,18.83490451,NA,12.6,320,"1","Y",NA
"HOW1026","HOW1","Howland",26,"PCRU","C","LIVE",22.3,1,2,390.6,0.735636095,18.83490451,NA,17.4,332,"1","Y",NA
"HOW1027","HOW1","Howland",27,"PCRU","C","LIVE",28.1,1,2,620.2,1.16806213,18.83490451,NA,18.2,334,"1","Y",NA
"HOW1028","HOW1","Howland",28,"PCRU","C","LIVE",20.5,1,2,330.1,0.621671598,18.83490451,NA,16.5,347,"1","Y",NA
"HOW1031","HOW1","Howland",31,"PCRU","C","LIVE",11.6,1,2,105.7,0.199053254,18.83490451,NA,10.9,320,"1","Y",NA
"HOW1032","HOW1","Howland",32,"PCRU","I","LIVE",10.1,1,2,80.1,0.150902367,18.83490451,NA,11.2,330,"1","Y",NA
"HOW1033","HOW1","Howland",33,"PCRU","C","LIVE",23.2,1,2,422.7,0.796213018,18.83490451,NA,3.6,180,"1","Y",NA
"HOW1034","HOW1","Howland",34,"PCRU","I","LIVE",15.7,1,2,193.6,0.364630178,18.83490451,NA,5,207,"1","Y",NA
"HOW1035","HOW1","Howland",35,"PCRU","C","LIVE",25.5,1,2,510.7,0.961908284,18.83490451,NA,3.7,248,"1","Y",NA
"HOW1036","HOW1","Howland",36,"PCRU","I","LIVE",26.9,1,2,568.3,1.070428994,18.83490451,NA,7.2,203,"1","Y",NA
"HOW1037","HOW1","Howland",37,"TSCA","I","LIVE",33.7,1,2,892,1.680014793,18.83490451,NA,7.2,202,"1","Y",NA
"HOW1038","HOW1","Howland",38,"PCRU","C","LIVE",19.4,1,2,295.6,0.556745562,18.83490451,NA,7.1,177,"1","Y",NA
"HOW1039","HOW1","Howland",39,"PCRU","C","LIVE",33,1,2,855.3,1.610946746,18.83490451,NA,10.9,176,"1","Y",NA
"HOW1040","HOW1","Howland",40,"THOC","I","LIVE",15.6,1,2,191.1,0.36,18.83490451,NA,11.2,181,"1","Y",NA
"HOW1041","HOW1","Howland",41,"THOC","S","LIVE",12.4,1,2,120.8,0.227455621,18.83490451,NA,11.3,178,"1","Y",NA
"HOW1042","HOW1","Howland",42,"ACRU","S","LIVE",12.1,1,2,115,0.21658284,18.83490451,NA,11.5,174,"1","Y",NA
"HOW1043","HOW1","Howland",43,"PCRU","C","LIVE",23.5,1,2,433.7,0.81693787,18.83490451,NA,14.4,160,"1","Y",NA
"HOW1044","HOW1","Howland",44,"PCRU","C","LIVE",20,1,2,314.2,0.591715976,18.83490451,NA,17.3,154,"1","Y",NA
"HOW1045","HOW1","Howland",45,"PCRU","C","LIVE",20.9,1,2,343.1,0.646168639,18.83490451,NA,16.7,160,"1","Y",NA
"HOW1046","HOW1","Howland",46,"PCRU","C","LIVE",23,1,2,415.5,0.782544379,18.83490451,NA,17.4,163,"1","Y",NA
"HOW1047","HOW1","Howland",47,"PCRU","C","LIVE",20.1,1,2,317.3,0.597647929,18.83490451,NA,16.5,182,"1","Y",NA
"HOW1048","HOW1","Howland",48,"PCRU","C","LIVE",24.8,1,2,483.1,0.909822485,18.83490451,NA,11.8,186,"1","Y",NA
"HOW1049","HOW1","Howland",49,"PCRU","C","LIVE",37.4,1,2,1098.6,2.069171598,18.83490451,NA,12.9,192,"1","Y",NA
"HOW1050","HOW1","Howland",50,"THOC","SNAG","DEAD",19.1,1,2,286.5,0.539659763,18.83490451,NA,12.8,194,"1","Y",NA
"HOW1051","HOW1","Howland",51,"THOC","I","LIVE",22.7,1,2,404.7,0.762263314,18.83490451,NA,14.5,195,"1","Y",NA
"HOW1052","HOW1","Howland",52,"THOC","C","LIVE",22.7,1,2,404.7,0.762263314,18.83490451,NA,15.3,187,"1","Y",NA
"HOW1053","HOW1","Howland",53,"THOC","C","LIVE",23.4,1,2,430.1,0.81,18.83490451,NA,17.2,189,"1","Y",NA
"HOW1054","HOW1","Howland",54,"PCRU","C","LIVE",22.6,1,2,401.1,0.75556213,18.83490451,NA,18.5,189,"1","Y",NA
"HOW1055","HOW1","Howland",55,"PCRU","C","LIVE",25.8,1,2,522.8,0.984674556,18.83490451,NA,17.4,190,"1","Y",NA
"HOW1056","HOW1","Howland",56,"ACRU","C","LIVE",32,1,2,804.2,1.514792899,18.83490451,NA,27,206,"1",NA,NA
"HOW1061","HOW1","Howland",61,"PCRU","D","LIVE",24.8,1,2,483.1,0.909822485,18.83490451,NA,16.1,226,"1","Y",NA
"HOW1062","HOW1","Howland",62,"TSCA","I","LIVE",24.5,1,2,471.4,0.887943787,18.83490451,NA,15.9,224,"1","Y",NA
"HOW1063","HOW1","Howland",63,"TSCA","SNAG","DEAD",28.5,1,2,637.9,1.201553254,18.83490451,NA,13,220,"1","Y",NA
"HOW1064","HOW1","Howland",64,"PCRU","C","LIVE",23.1,1,2,419.1,0.789363905,18.83490451,NA,12.3,218,"1","Y",NA
"HOW1065","HOW1","Howland",65,"THOC","I","LIVE",28.2,1,2,624.6,1.176390533,18.83490451,NA,14.5,209,"1","Y",NA
"HOW1066","HOW1","Howland",66,"PCRU","C","LIVE",26.4,1,2,547.4,1.031005917,18.83490451,NA,9.4,210,"1","Y",NA
"HOW1067","HOW1","Howland",67,"PCRU","I","LIVE",14.8,1,2,172,0.324023669,18.83490451,NA,9.1,221,"1","Y",NA
"HOW1068","HOW1","Howland",68,"PCRU","C","LIVE",19.1,1,2,286.5,0.539659763,18.83490451,NA,9.9,243,"1","Y",NA
"HOW1069","HOW1","Howland",69,"TSCA","C","LIVE",25.8,1,2,522.8,0.984674556,18.83490451,NA,13.3,251,"1","Y",NA
"HOW1070","HOW1","Howland",70,"PCRU","D","LIVE",19.5,1,2,298.6,0.5625,18.83490451,NA,12.6,240,"1","Y",NA
"HOW1071","HOW1","Howland",71,"PCRU","C","LIVE",29.4,1,2,678.9,1.278639053,18.83490451,NA,18.1,252,"1","Y",NA
"HOW1075","HOW1","Howland",75,"PCRU","I","LIVE",13.3,1,2,138.9,0.261671598,18.83490451,NA,3.9,156,"1","Y",NA
"HOW1076","HOW1","Howland",76,"TSCA","S","LIVE",14.3,1,2,160.6,0.3025,18.83490451,NA,5.2,126,"1","Y",NA
"HOW1077","HOW1","Howland",77,"PIST","D","LIVE",43.3,1,2,1472.5,2.773505917,18.83490451,NA,7.1,135,"1","Y",NA
"HOW1078","HOW1","Howland",78,"PIST","D","LIVE",35.9,1,2,1012.2,1.906523669,18.83490451,NA,7.5,115,"1","Y",NA
"HOW1079","HOW1","Howland",79,"PCRU","C","LIVE",15.5,1,2,188.7,0.355399408,18.83490451,NA,7.2,105,"1","Y",NA
"HOW1080","HOW1","Howland",80,"PCRU","C","LIVE",14.6,1,2,167.4,0.315325444,18.83490451,NA,4.7,92,"1","Y",NA
"HOW1081","HOW1","Howland",81,"PCRU","C","LIVE",24.1,1,2,456.2,0.859186391,18.83490451,NA,4.4,77,"1","Y",NA
"HOW1082","HOW1","Howland",82,"TSCA","C","LIVE",40.5,1,2,1288.2,2.426405325,18.83490451,NA,6.7,79,"1","Y",NA
"HOW1083","HOW1","Howland",83,"PCRU","I","LIVE",12.7,1,2,126.7,0.238594675,18.83490451,NA,9.1,100,"1","Y",NA
"HOW1084","HOW1","Howland",84,"PCRU","I","LIVE",15,1,2,176.7,0.332840237,18.83490451,NA,9.9,110,"1","Y",NA
"HOW1085","HOW1","Howland",85,"PCRU","I","LIVE",12.3,1,2,118.8,0.223801775,18.83490451,NA,9.2,152,"1","Y",NA
"HOW1086","HOW1","Howland",86,"PCRU","C","LIVE",19.3,1,2,292.6,0.55102071,18.83490451,NA,10.9,161,"1","Y",NA
"HOW1087","HOW1","Howland",87,"PCRU","C","LIVE",27,1,2,572.6,1.078402367,18.83490451,NA,13.8,140,"1","Y",NA
"HOW1088","HOW1","Howland",88,"PCRU","I","LIVE",10.5,1,2,86.6,0.163091716,18.83490451,NA,10.5,132,"1","Y",NA
"HOW1089","HOW1","Howland",89,"THOC","I","LIVE",25.1,1,2,494.8,0.931967456,18.83490451,NA,12.1,132,"1","Y",NA
"HOW1090","HOW1","Howland",90,"ACRU","I","LIVE",17.7,1,2,246.1,0.463446746,18.83490451,NA,11.8,125,"1","Y",NA
"HOW1091","HOW1","Howland",91,"PCRU","I","LIVE",13.7,1,2,147.4,0.277647929,18.83490451,NA,14.3,107,"1","Y",NA
"HOW1092","HOW1","Howland",92,"THOC","S","LIVE",11.6,1,2,105.7,0.199053254,18.83490451,NA,11.6,95,"1","Y",NA
"HOW1093","HOW1","Howland",93,"PCRU","C","LIVE",32,1,2,804.2,1.514792899,18.83490451,NA,15.2,117,"1","Y",NA
"HOW1094","HOW1","Howland",94,"TSCA","I","LIVE",37.6,1,2,1110.4,2.091360947,18.83490451,NA,15.4,115,"1","Y",NA
"HOW1095","HOW1","Howland",95,"PCRU","C","LIVE",25.4,1,2,506.7,0.954378698,18.83490451,NA,17.5,125,"1","Y",NA
"HOW1096","HOW1","Howland",96,"PCRU","C","LIVE",20.9,1,2,343.1,0.646168639,18.83490451,NA,17.6,132,"1","Y",NA
"HOW1097","HOW1","Howland",97,"PCRU","C","LIVE",20.9,1,2,343.1,0.646168639,18.83490451,NA,17,133,"1","Y",NA
"HOW1098","HOW1","Howland",98,"THOC","I","LIVE",21.2,1,2,353,0.664852071,18.83490451,NA,19.4,125,"1","Y",NA
"HOW1099","HOW1","Howland",99,"THOC","I","LIVE",26.2,1,2,539.1,1.015443787,18.83490451,NA,19.4,129,"1","Y",NA
"HOW1100","HOW1","Howland",100,"PCRU","C","LIVE",32.9,1,2,850.1,1.601198225,18.83490451,NA,19.8,123,"1","Y",NA
"HOW1105","HOW1","Howland",105,"ACRU","I","LIVE",16.4,1,2,211.2,0.397869822,18.83490451,NA,3.4,6,"1","Y",NA
"HOW1106","HOW1","Howland",106,"PIST","D","LIVE",48.9,1,2,1878.1,3.537292899,18.83490451,NA,4.8,54,"1","Y",NA
"HOW1107","HOW1","Howland",107,"PCRU","C","LIVE",21.7,1,2,369.8,0.69658284,18.83490451,NA,6.4,13,"1","Y",NA
"HOW1108","HOW1","Howland",108,"ACRU","S-I","LIVE",20.5,1,2,330.1,0.621671598,18.83490451,NA,4.9,3,"1",NA,NA
"HOW1109","HOW1","Howland",109,"PCRU","SNAG","DEAD",31.8,1,2,794.2,1.49591716,18.83490451,NA,8.1,355,"1",NA,NA
"HOW1110","HOW1","Howland",110,"PCRU","I","LIVE",17,1,2,227,0.427514793,18.83490451,NA,9.5,4,"1","Y",NA
"HOW1111","HOW1","Howland",111,"PCRU","C","LIVE",15.5,1,2,188.7,0.355399408,18.83490451,NA,10.8,110,"1","Y",NA
"HOW1112","HOW1","Howland",112,"PIST","D","LIVE",48.4,1,2,1839.8,3.465325444,18.83490451,NA,13.1,19,"1","Y",NA
"HOW1113","HOW1","Howland",113,"PCRU","C","LIVE",16.8,1,2,221.7,0.417514793,18.83490451,NA,11.1,34,"1",NA,NA
"HOW1114","HOW1","Howland",114,"PCRU","C","LIVE",13.5,1,2,143.1,0.269600592,18.83490451,NA,9.3,36,"1","Y",NA
"HOW1115","HOW1","Howland",115,"ABBA","SNAG","DEAD",13.6,1,2,145.3,0.273609467,18.83490451,NA,7.5,40,"1","Y",NA
"HOW1116","HOW1","Howland",116,"ACRU","I","LIVE",18.2,1,2,260.2,0.49,18.83490451,NA,10.2,71,"1","Y",NA
"HOW1117","HOW1","Howland",117,"ACRU","C","LIVE",14.5,1,2,165.1,0.31102071,18.83490451,NA,11.6,73,"1","Y",NA
"HOW1118","HOW1","Howland",118,"PCRU","C","LIVE",24.6,1,2,475.3,0.895207101,18.83490451,NA,10.5,65,"1","Y",NA
"HOW1119","HOW1","Howland",119,"PCRU","I","LIVE",17.4,1,2,237.8,0.447869822,18.83490451,NA,12.2,56,"1","Y",NA
"HOW1120","HOW1","Howland",120,"PCRU","C","LIVE",28.5,1,2,637.9,1.201553254,18.83490451,NA,12,44,"1","Y",NA
"HOW1121","HOW1","Howland",121,"THOC","C","LIVE",16.6,1,2,216.4,0.407633136,18.83490451,NA,12,43,"1","Y",NA
"HOW1122","HOW1","Howland",122,"PCRU","C","LIVE",23.4,1,2,430.1,0.81,18.83490451,NA,17.6,74,"1","Y",NA
"HOW1123","HOW1","Howland",123,"PCRU","C","LIVE",23.9,1,2,448.6,0.844985207,18.83490451,NA,17.9,78,"1","Y",NA
"HOW1124","HOW1","Howland",124,"PIST","D","LIVE",47.3,1,2,1757.2,3.309600592,18.83490451,NA,19.2,55,"1","Y",NA
"HOW1125","HOW1","Howland",125,"PCRU","I","LIVE",25.1,1,2,494.8,0.931967456,18.83490451,NA,18.6,21,"1","Y",NA
"HOW1126","HOW1","Howland",126,"PCRU","C","LIVE",21.5,1,2,363.1,0.683801775,18.83490451,NA,18.1,15,"1","Y",NA
"HOW1127","HOW1","Howland",127,"PCRU","C","LIVE",25.1,1,2,494.8,0.931967456,18.83490451,NA,17.4,14,"1","Y",NA
"HOW1128","HOW1","Howland",128,"PIST","C","LIVE",29.8,1,2,697.5,1.313668639,18.83490451,NA,14.4,350,"1","Y",NA
"HOW1129","HOW1","Howland",129,"PCRU","C","LIVE",22.5,1,2,397.6,0.748890533,18.83490451,NA,14.3,345,"1","Y",NA
"HOW1130","HOW1","Howland",130,"PCRU","C","LIVE",23.4,1,2,430.1,0.81,18.83490451,NA,16.2,356,"1","Y",NA
"HOW1131","HOW1","Howland",131,"PCRU","C","LIVE",23.6,1,2,437.4,0.823905325,18.83490451,NA,16.6,354,"1","Y",NA
"HOW1134","HOW1","Howland",134,"PCRU","C","LIVE",32.7,1,2,839.8,1.581789941,18.83490451,NA,16.2,1,"1","Y",NA
"HOW2001","HOW2","Howland",1,"TSCA","C","LIVE",31.3,1,2,769.4,1.449245562,18.83490451,NA,3.8,48,"2","Y",NA
"HOW2002","HOW2","Howland",2,"TSCA","C","LIVE",35.1,1,2,967.6,1.8225,18.83490451,NA,5.6,59,"2","Y",NA
"HOW2003","HOW2","Howland",3,"TSCA","SNAG","DEAD",19.3,1,2,292.6,0.55102071,18.83490451,NA,6.5,43,"2","Y",NA
"HOW2004","HOW2","Howland",4,"TSCA","SNAG","DEAD",10.9,1,2,93.3,0.175754438,18.83490451,NA,5.6,33,"2",NA,NA
"HOW2005","HOW2","Howland",5,"TSCA","C","LIVE",35.6,1,2,995.4,1.874792899,18.83490451,NA,6.5,20,"2","Y",NA
"HOW2006","HOW2","Howland",6,"ACRU","SNAG","DEAD",30.7,1,2,740.2,1.394215976,18.83490451,NA,6.9,20,"2",NA,NA
"HOW2007","HOW2","Howland",7,"TSCA","C","LIVE",25.3,1,2,502.7,0.946878698,18.83490451,NA,9.4,0,"2","Y",NA
"HOW2008","HOW2","Howland",8,"TSCA","C","LIVE",24.7,1,2,479.2,0.9025,18.83490451,NA,10.3,39,"2","Y",NA
"HOW2009","HOW2","Howland",9,"PCRU","D","LIVE",38.6,1,2,1170.2,2.20408284,18.83490451,NA,11.4,48,"2","Y",NA
"HOW2010","HOW2","Howland",10,"PCRU","C","LIVE",21.4,1,2,359.7,0.677455621,18.83490451,NA,13.1,41,"2","Y",NA
"HOW2011","HOW2","Howland",11,"TSCA","I","LIVE",22.5,1,2,397.6,0.748890533,18.83490451,NA,10.7,57,"2","Y",NA
"HOW2012","HOW2","Howland",12,"PCRU","D","LIVE",36.9,1,2,1069.4,2.014215976,18.83490451,NA,9.8,70,"2","Y",NA
"HOW2013","HOW2","Howland",13,"TSCA","SNAG","DEAD",12,1,2,113.1,0.213017751,18.83490451,NA,8.9,82,"2",NA,NA
"HOW2014","HOW2","Howland",14,"TSCA","C","LIVE",31.9,1,2,799.2,1.505340237,18.83490451,NA,7.7,88,"2","Y",NA
"HOW2015","HOW2","Howland",15,"THOC","I","LIVE",27.8,1,2,607,1.143254438,18.83490451,NA,10.2,79,"2","Y",NA
"HOW2016","HOW2","Howland",16,"PCRU","D","LIVE",28.1,1,2,620.2,1.16806213,18.83490451,NA,12.7,89,"2","Y",NA
"HOW2017","HOW2","Howland",17,"PCRU","C","LIVE",26.3,1,2,543.3,1.023210059,18.83490451,NA,16.1,89,"2","Y",NA
"HOW2018","HOW2","Howland",18,"ACRU","C","LIVE",33,1,2,855.3,1.610946746,18.83490451,NA,19.8,80,"2","Y",NA
"HOW2019","HOW2","Howland",19,"PCRU","C","LIVE",28.8,1,2,651.4,1.226982249,18.83490451,NA,16.5,63,"2","Y",NA
"HOW2020","HOW2","Howland",20,"PCRU","C","LIVE",30.5,1,2,730.6,1.376109467,18.83490451,NA,15.6,60,"2","Y",NA
"HOW2021","HOW2","Howland",21,"TSCA","I","LIVE",28.3,1,2,629,1.184748521,18.83490451,NA,18.1,60,"2","Y",NA
"HOW2022","HOW2","Howland",22,"PCRU","C","LIVE",39.1,1,2,1200.7,2.261553254,18.83490451,NA,17.8,43,"2","Y",NA
"HOW2023","HOW2","Howland",23,"TSCA","I","LIVE",28.3,1,2,629,1.184748521,18.83490451,NA,18.1,60,"2","Y",NA
"HOW2024","HOW2","Howland",24,"PCRU","C","LIVE",41.3,1,2,1339.6,2.523210059,18.83490451,NA,15.6,25,"2","Y",NA
"HOW2025","HOW2","Howland",25,"ACRU","C","LIVE",25.7,1,2,518.7,0.977056213,18.83490451,NA,17.6,18,"2","Y",NA
"HOW2026","HOW2","Howland",26,"TSCA","C","LIVE",36.5,1,2,1046.3,1.970784024,18.83490451,NA,18.1,10,"2","Y",NA
"HOW2027","HOW2","Howland",27,"PIST","SNAG","DEAD",66.6,1,2,3483.7,6.56147929,18.83490451,NA,18.8,8,"2",NA,NA
"HOW2028","HOW2","Howland",28,"TSCA","C","LIVE",23.7,1,2,441.2,0.830902367,18.83490451,NA,13.7,15,"2","Y",NA
"HOW2029","HOW2","Howland",29,"PCRU","C","LIVE",16.6,1,2,216.4,0.407633136,18.83490451,NA,12.4,20,"2","Y",NA
"HOW2030","HOW2","Howland",30,"TSCA","C","LIVE",34,1,2,907.9,1.710059172,18.83490451,NA,11.1,26,"2","Y",NA
"HOW2031","HOW2","Howland",31,"TSCA","S","LIVE",11.8,1,2,109.4,0.205976331,18.83490451,NA,1.1,317,"2","Y",NA
"HOW2032","HOW2","Howland",32,"ACRU","C","LIVE",28,1,2,615.8,1.159763314,18.83490451,NA,1.9,343,"2","Y",NA
"HOW2033","HOW2","Howland",33,"TSCA","C","LIVE",37.8,1,2,1122.2,2.113668639,18.83490451,NA,1.9,343,"2","Y",NA
"HOW2034","HOW2","Howland",34,"PCRU","C","LIVE",34.1,1,2,913.3,1.720133136,18.83490451,NA,3.4,308,"2","Y",NA
"HOW2035","HOW2","Howland",35,"PCRU","C","LIVE",34.3,1,2,924,1.740369822,18.83490451,NA,5.6,329,"2","Y",NA
"HOW2036","HOW2","Howland",36,"PCRU","S","LIVE",14.3,1,2,160.6,0.3025,18.83490451,NA,5.3,353,"2","Y",NA
"HOW2037","HOW2","Howland",37,"TSCA","C","LIVE",22.7,1,2,404.7,0.762263314,18.83490451,NA,7.2,350,"2","Y",NA
"HOW2038","HOW2","Howland",38,"TSCA","C","LIVE",23.1,1,2,419.1,0.789363905,18.83490451,NA,8.3,328,"2","Y",NA
"HOW2039","HOW2","Howland",39,"ACRU","C","LIVE",15.2,1,2,181.5,0.341775148,18.83490451,NA,9,350,"2","Y",NA
"HOW2040","HOW2","Howland",40,"TSCA","S","LIVE",10.2,1,2,81.7,0.153905325,18.83490451,NA,9.4,330,"2","Y",NA
"HOW2041","HOW2","Howland",41,"TSCA","I","LIVE",19.1,1,2,286.5,0.539659763,18.83490451,NA,9,323,"2","Y",NA
"HOW2042","HOW2","Howland",42,"TSCA","I","LIVE",28.1,1,2,620.2,1.16806213,18.83490451,NA,12.3,351,"2","Y",NA
"HOW2043","HOW2","Howland",43,"ACRU","C","LIVE",32.1,1,2,809.3,1.524275148,18.83490451,NA,13.9,308,"2","Y",NA
"HOW2044","HOW2","Howland",44,"TSCA","D","LIVE",45.9,1,2,1654.7,3.11658284,18.83490451,NA,14.1,347,"2","Y",NA
"HOW2045","HOW2","Howland",45,"THOC","C","LIVE",27.7,1,2,602.6,1.135044379,18.83490451,NA,17.3,357,"2","Y",NA
"HOW2046","HOW2","Howland",46,"PIST","SNAG","DEAD",56.3,1,2,2489.5,4.688890533,18.83490451,NA,17.3,357,"2",NA,NA
"HOW2047","HOW2","Howland",47,"PCRU","D","LIVE",21.2,1,2,353,0.664852071,18.83490451,NA,18.2,356,"2","Y",NA
"HOW2048","HOW2","Howland",48,"ACRU","C","LIVE",23.4,1,2,430.1,0.81,18.83490451,NA,14.8,327,"2","Y",NA
"HOW2049","HOW2","Howland",49,"PCRU","D","LIVE",24.9,1,2,487,0.917174556,18.83490451,NA,13.9,329,"2","Y",NA
"HOW2050","HOW2","Howland",50,"THOC","I","LIVE",26.9,1,2,568.3,1.070428994,18.83490451,NA,14,298,"2","Y",NA
"HOW2051","HOW2","Howland",51,"TSCA","C","LIVE",43.2,1,2,1465.7,2.760710059,18.83490451,NA,12.9,292,"2","Y",NA
"HOW2052","HOW2","Howland",52,"THOC","S","LIVE",22.3,1,2,390.6,0.735636095,18.83490451,NA,11.9,290,"2","Y",NA
"HOW2053","HOW2","Howland",53,"PCRU","C","LIVE",31,1,2,754.8,1.421597633,18.83490451,NA,11.3,289,"2","Y",NA
"HOW2054","HOW2","Howland",54,"TSCA","S","LIVE",18.8,1,2,277.6,0.522840237,18.83490451,NA,11,280,"2","Y",NA
"HOW2055","HOW2","Howland",55,"THOC","C","LIVE",31.5,1,2,779.3,1.467825444,18.83490451,NA,8.4,278,"2","Y",NA
"HOW2056","HOW2","Howland",56,"TSCA","C","LIVE",30.4,1,2,725.8,1.367100592,18.83490451,NA,1.4,240,"2","Y",NA
"HOW2057","HOW2","Howland",57,"THOC","C","LIVE",26.5,1,2,551.5,1.038831361,18.83490451,NA,4.7,240,"2",NA,NA
"HOW2058","HOW2","Howland",58,"THOC","C","LIVE",23.7,1,2,441.2,0.830902367,18.83490451,NA,6.6,260,"2","Y",NA
"HOW2059","HOW2","Howland",59,"THOC","SNAG","DEAD",25,1,2,490.9,0.924556213,18.83490451,NA,8.6,238,"2",NA,NA
"HOW2060","HOW2","Howland",60,"TSCA","I","LIVE",18.4,1,2,265.9,0.500828402,18.83490451,NA,9.1,248,"2","Y",NA
"HOW2061","HOW2","Howland",61,"ACRU","C","LIVE",34.6,1,2,940.2,1.770946746,18.83490451,NA,8.9,222,"2","Y",NA
"HOW2062","HOW2","Howland",62,"TSCA","C","LIVE",34.9,1,2,956.6,1.801789941,18.83490451,NA,9.5,216,"2","Y",NA
"HOW2063","HOW2","Howland",63,"PCRU","S","LIVE",18.5,1,2,268.8,0.506286982,18.83490451,NA,10.6,224,"2","Y",NA
"HOW2064","HOW2","Howland",64,"TSCA","I","LIVE",23.2,1,2,422.7,0.796213018,18.83490451,NA,11.3,224,"2","Y",NA
"HOW2065","HOW2","Howland",65,"TSCA","C","LIVE",20.2,1,2,320.5,0.603609467,18.83490451,NA,12.7,240,"2","Y",NA
"HOW2066","HOW2","Howland",66,"PCRU","D","LIVE",30.2,1,2,716.3,1.349171598,18.83490451,NA,14.4,250,"2","Y",NA
"HOW2067","HOW2","Howland",67,"PCRU","SNAG","DEAD",23.4,1,2,430.1,0.81,18.83490451,NA,15.9,238,"2",NA,NA
"HOW2068","HOW2","Howland",68,"PCRU","D","LIVE",27.3,1,2,585.3,1.1025,18.83490451,NA,17.3,235,"2","Y",NA
"HOW2069","HOW2","Howland",69,"PCRU","D","LIVE",49.4,1,2,1916.7,3.61,18.83490451,NA,19.1,268,"2","Y",NA
"HOW2070","HOW2","Howland",70,"PCRU","C","LIVE",31.4,1,2,774.4,1.45852071,18.83490451,NA,15.8,263,"2","Y",NA
"HOW2071","HOW2","Howland",71,"THOC","C","LIVE",32,1,2,804.2,1.514792899,18.83490451,NA,8.5,189,"2","Y",NA
"HOW2072","HOW2","Howland",72,"TSCA","C","LIVE",27.1,1,2,576.8,1.086405325,18.83490451,NA,10.3,190,"2","Y",NA
"HOW2073","HOW2","Howland",73,"PCRU","D","LIVE",26.4,1,2,547.4,1.031005917,18.83490451,NA,11.6,200,"2","Y",NA
"HOW2074","HOW2","Howland",74,"TSCA","I","LIVE",22.2,1,2,387.1,0.729053254,18.83490451,NA,13.5,200,"2","Y",NA
"HOW2075","HOW2","Howland",75,"ACRU","C","LIVE",35.3,1,2,978.7,1.843328402,18.83490451,NA,13.1,215,"2","Y",NA
"HOW2076","HOW2","Howland",76,"PCRU","C","LIVE",38.3,1,2,1152.1,2.169955621,18.83490451,NA,13.8,213,"2","Y",NA
"HOW2077","HOW2","Howland",77,"TSCA","C","LIVE",20.1,1,2,317.3,0.597647929,18.83490451,NA,15.5,205,"2","Y",NA
"HOW2078","HOW2","Howland",78,"THOC","C","LIVE",28.4,1,2,633.5,1.193136095,18.83490451,NA,16.8,180,"2","Y",NA
"HOW2079","HOW2","Howland",79,"BEAL","C","LIVE",23.5,1,2,433.7,0.81693787,18.83490451,NA,19.1,210,"2","Y",NA
"HOW2080","HOW2","Howland",80,"PCRU","C","LIVE",12.9,1,2,130.7,0.246168639,18.83490451,NA,3,110,"2","Y",NA
"HOW2081","HOW2","Howland",81,"TSCA","S","LIVE",11.9,1,2,111.2,0.209482249,18.83490451,NA,2.1,101,"2","Y",NA
"HOW2082","HOW2","Howland",82,"PCRU","C","LIVE",12.6,1,2,124.7,0.234852071,18.83490451,NA,2.9,153,"2","Y",NA
"HOW2083","HOW2","Howland",83,"ACRU","C","LIVE",25.2,1,2,498.8,0.939408284,18.83490451,NA,4.8,160,"2","Y",NA
"HOW2084","HOW2","Howland",84,"THOC","C","LIVE",22.8,1,2,408.3,0.768994083,18.83490451,NA,7.1,178,"2","Y",NA
"HOW2085","HOW2","Howland",85,"TSCA","I","LIVE",15.7,1,2,193.6,0.364630178,18.83490451,NA,5.1,150,"2","Y",NA
"HOW2086","HOW2","Howland",86,"PCRU","C","LIVE",23.3,1,2,426.4,0.803091716,18.83490451,NA,7.4,157,"2","Y",NA
"HOW2087","HOW2","Howland",87,"THOC","C","LIVE",21.8,1,2,373.3,0.703017751,18.83490451,NA,9.3,164,"2","Y",NA
"HOW2088","HOW2","Howland",88,"PCRU","D","LIVE",45.2,1,2,1604.6,3.022248521,18.83490451,NA,14.2,176,"2","Y",NA
"HOW2089","HOW2","Howland",89,"TSCA","C","LIVE",23.9,1,2,448.6,0.844985207,18.83490451,NA,14.8,178,"2","Y",NA
"HOW2090","HOW2","Howland",90,"PCRU","D","LIVE",36.8,1,2,1063.6,2.003313609,18.83490451,NA,15.4,146,"2","Y",NA
"HOW2091","HOW2","Howland",91,"PCRU","SNAG","DEAD",29.2,1,2,669.7,1.261301775,18.83490451,NA,14.3,137,"2",NA,NA
"HOW2092","HOW2","Howland",92,"TSCA","C","LIVE",25.7,1,2,518.7,0.977056213,18.83490451,NA,12.2,139,"2","Y",NA
"HOW2093","HOW2","Howland",93,"PCRU","C","LIVE",25.1,1,2,494.8,0.931967456,18.83490451,NA,9.6,140,"2","Y",NA
"HOW2094","HOW2","Howland",94,"PCRU","C","LIVE",36,1,2,1017.9,1.917159763,18.83490451,NA,6.9,115,"2","Y",NA
"HOW2095","HOW2","Howland",95,"TSCA","C","LIVE",26,1,2,530.9,1,18.83490451,NA,9.7,104,"2","Y",NA
"HOW2096","HOW2","Howland",96,"THOC","SNAG","DEAD",23.1,1,2,419.1,0.789363905,18.83490451,NA,11.8,91,"2",NA,NA
"HOW2097","HOW2","Howland",97,"TSCA","C","LIVE",22.8,1,2,408.3,0.768994083,18.83490451,NA,11.7,117,"2","Y",NA
"HOW2098","HOW2","Howland",98,"PCRU","C","LIVE",27.5,1,2,594,1.118713018,18.83490451,NA,11.3,120,"2","Y",NA
"HOW2099","HOW2","Howland",99,"TSCA","C","LIVE",28.5,1,2,637.9,1.201553254,18.83490451,NA,11.5,122,"2","Y",NA
"HOW2100","HOW2","Howland",100,"TSCA","I","LIVE",26.4,1,2,547.4,1.031005917,18.83490451,NA,15.7,92,"2","Y",NA
"HOW2101","HOW2","Howland",101,"THOC","I","LIVE",25,1,2,490.9,0.924556213,18.83490451,NA,17.5,96,"2","Y",NA
"HOW2102","HOW2","Howland",102,"PCRU","C","LIVE",41.2,1,2,1333.2,2.511005917,18.83490451,NA,18.9,119,"2","Y",NA
"HOW2103","HOW2","Howland",103,"TSCA","SNAG","DEAD",25.4,1,2,506.7,0.954378698,18.83490451,NA,16.7,123,"2","Y",NA
"HOW2104","HOW2","Howland",104,"PCRU","D","LIVE",28.9,1,2,656,1.235517751,18.83490451,NA,16.9,114,"2","Y",NA
"HOW2105","HOW2","Howland",105,"PCRU","C","LIVE",33.8,1,2,897.3,1.69,18.83490451,NA,19.9,154,"2","Y",NA
"HOW2106","HOW2","Howland",106,"PIST","D","LIVE",74.4,1,2,4347.5,8.188402367,18.83490451,NA,19.8,158,"2","Y",NA
"HOW3001","HOW3","Howland",1,"TSCA","C","LIVE",26.6,1,2,555.7,1.046686391,18.83490451,NA,4.8,146,"3","Y",NA
"HOW3002","HOW3","Howland",2,"PCRU","C","LIVE",18.2,1,2,260.2,0.49,18.83490451,NA,5.5,149,"3","Y",NA
"HOW3003","HOW3","Howland",3,"TSCA","I","LIVE",19.1,1,2,286.5,0.539659763,18.83490451,NA,6.3,158,"3","Y",NA
"HOW3004","HOW3","Howland",4,"TSCA","C","LIVE",32.1,1,2,809.3,1.524275148,18.83490451,NA,7.2,175,"3","Y",NA
"HOW3005","HOW3","Howland",5,"TSCA","D","LIVE",48.4,1,2,1839.8,3.465325444,18.83490451,NA,9.1,160,"3","Y",NA
"HOW3006","HOW3","Howland",6,"TSCA","SNAG","DEAD",20.5,1,2,330.1,0.621671598,18.83490451,NA,12.5,176,"3",NA,NA
"HOW3007","HOW3","Howland",7,"TSCA","C","LIVE",39.8,1,2,1244.1,2.343254438,18.83490451,NA,6.2,117,"3","Y",NA
"HOW3008","HOW3","Howland",8,"TSCA","C","LIVE",29.3,1,2,674.3,1.269955621,18.83490451,NA,6.3,115,"3","Y",NA
"HOW3009","HOW3","Howland",9,"TSCA","C","LIVE",34.1,1,2,913.3,1.720133136,18.83490451,NA,9.2,103,"3","Y",NA
"HOW3010","HOW3","Howland",10,"TSCA","D","LIVE",33.2,1,2,865.7,1.630532544,18.83490451,NA,10.7,116,"3","Y",NA
"HOW3011","HOW3","Howland",11,"TSCA","S","LIVE",13.7,1,2,147.4,0.277647929,18.83490451,NA,10.4,103,"3","Y",NA
"HOW3012","HOW3","Howland",12,"TSCA","C","LIVE",23.5,1,2,433.7,0.81693787,18.83490451,NA,13.3,110,"3","Y",NA
"HOW3013","HOW3","Howland",13,"TSCA","C","LIVE",30.3,1,2,721.1,1.358121302,18.83490451,NA,13.9,118,"3","Y",NA
"HOW3014","HOW3","Howland",14,"TSCA","D","LIVE",64.4,1,2,3257.3,6.135147929,18.83490451,NA,14.7,128,"3","Y",NA
"HOW3015","HOW3","Howland",15,"PCRU","C","LIVE",24.2,1,2,460,0.866331361,18.83490451,NA,16.8,152,"3","Y",NA
"HOW3016","HOW3","Howland",16,"PCRU","C","LIVE",34.7,1,2,945.7,1.781198225,18.83490451,NA,14.5,97,"3","Y",NA
"HOW3017","HOW3","Howland",17,"BEAL","C","LIVE",21,1,2,346.4,0.652366864,18.83490451,NA,16.5,105,"3","Y",NA
"HOW3018","HOW3","Howland",18,"PCRU","C","LIVE",21,1,2,346.4,0.652366864,18.83490451,NA,18.9,110,"3","Y",NA
"HOW3019","HOW3","Howland",19,"TSCA","I","LIVE",24.7,1,2,479.2,0.9025,18.83490451,NA,3.8,17,"3","Y",NA
"HOW3020","HOW3","Howland",20,"TSCA","C","LIVE",27.9,1,2,611.4,1.151494083,18.83490451,NA,4.5,14,"3","Y",NA
"HOW3021","HOW3","Howland",21,"TSCA","I","LIVE",26.2,1,2,539.1,1.015443787,18.83490451,NA,5.2,40,"3","Y",NA
"HOW3022","HOW3","Howland",22,"TSCA","C","LIVE",31.4,1,2,774.4,1.45852071,18.83490451,NA,6,82,"3","Y",NA
"HOW3023","HOW3","Howland",23,"ACRU","C","LIVE",29.3,1,2,674.3,1.269955621,18.83490451,NA,7.4,47,"3","Y",NA
"HOW3024","HOW3","Howland",24,"ACRU","D","LIVE",43.4,1,2,1479.3,2.786331361,18.83490451,NA,11.2,60,"3","Y",NA
"HOW3025","HOW3","Howland",25,"TSCA","S","LIVE",16.7,1,2,219,0.412559172,18.83490451,NA,11.7,70,"3","Y",NA
"HOW3026","HOW3","Howland",26,"TSCA","C","LIVE",35.2,1,2,973.1,1.832899408,18.83490451,NA,11.2,75,"3","Y",NA
"HOW3027","HOW3","Howland",27,"TSCA","C","LIVE",26.6,1,2,555.7,1.046686391,18.83490451,NA,12.7,73,"3","Y",NA
"HOW3028","HOW3","Howland",28,"PCRU","D","LIVE",26.6,1,2,555.7,1.046686391,18.83490451,NA,13.9,60,"3","Y",NA
"HOW3029","HOW3","Howland",29,"TSCA","D","LIVE",45.6,1,2,1633.1,3.075976331,18.83490451,NA,17.9,56,"3","Y",NA
"HOW3030","HOW3","Howland",30,"PCRU","C","LIVE",30.6,1,2,735.4,1.385147929,18.83490451,NA,16,88,"3","Y",NA
"HOW3031","HOW3","Howland",31,"PCRU","C","LIVE",31.5,1,2,779.3,1.467825444,18.83490451,NA,18.2,90,"3","Y",NA
"HOW3032","HOW3","Howland",32,"ACRU","I","LIVE",23.9,1,2,448.6,0.844985207,18.83490451,NA,14.8,45,"3","Y",NA
"HOW3033","HOW3","Howland",33,"ACRU","D","LIVE",37,1,2,1075.2,2.025147929,18.83490451,NA,19.9,40,"3","Y",NA
"HOW3034","HOW3","Howland",34,"TSCA","C","LIVE",39,1,2,1194.6,2.25,18.83490451,NA,19.9,38,"3","Y",NA
"HOW3035","HOW3","Howland",35,"TSCA","S","LIVE",10.3,1,2,83.3,0.15693787,18.83490451,NA,11.1,39,"3","Y",NA
"HOW3036","HOW3","Howland",36,"TSCA","I","LIVE",14,1,2,153.9,0.289940828,18.83490451,NA,12.1,33,"3","Y",NA
"HOW3037","HOW3","Howland",37,"TSCA","C","LIVE",41.3,1,2,1339.6,2.523210059,18.83490451,NA,7.1,15,"3","Y",NA
"HOW3038","HOW3","Howland",38,"TSCA","C","LIVE",37,1,2,1075.2,2.025147929,18.83490451,NA,8,16,"3","Y",NA
"HOW3039","HOW3","Howland",39,"PCRU","C","LIVE",26.4,1,2,547.4,1.031005917,18.83490451,NA,14.9,8,"3","Y",NA
"HOW3040","HOW3","Howland",40,"PCRU","C","LIVE",32.6,1,2,834.7,1.572130178,18.83490451,NA,14.9,10,"3","Y",NA
"HOW3041","HOW3","Howland",41,"PCRU","C","LIVE",23.7,1,2,441.2,0.830902367,18.83490451,NA,16.9,28,"3","Y",NA
"HOW3042","HOW3","Howland",42,"TSCA","C","LIVE",34.8,1,2,951.1,1.79147929,18.83490451,NA,19.7,32,"3","Y",NA
"HOW3043","HOW3","Howland",43,"TSCA","C","LIVE",36.8,1,2,1063.6,2.003313609,18.83490451,NA,3,300,"3","Y",NA
"HOW3044","HOW3","Howland",44,"TSCA","C","LIVE",33.1,1,2,860.5,1.620724852,18.83490451,NA,3.2,297,"3","Y",NA
"HOW3045","HOW3","Howland",45,"TSCA","S","LIVE",11.6,1,2,105.7,0.199053254,18.83490451,NA,3.4,275,"3","Y",NA
"HOW3046","HOW3","Howland",46,"TSCA","C","LIVE",37.5,1,2,1104.5,2.080251479,18.83490451,NA,6.4,295,"3","Y",NA
"HOW3047","HOW3","Howland",47,"TSCA","C","LIVE",43,1,2,1452.2,2.735207101,18.83490451,NA,7.9,292,"3","Y",NA
"HOW3048","HOW3","Howland",48,"TSCA","I","LIVE",21,1,2,346.4,0.652366864,18.83490451,NA,8.2,320,"3","Y",NA
"HOW3049","HOW3","Howland",49,"TSCA","S","LIVE",17.2,1,2,232.4,0.437633136,18.83490451,NA,9,340,"3","Y",NA
"HOW3050","HOW3","Howland",50,"PCRU","D","LIVE",37.6,1,2,1110.4,2.091360947,18.83490451,NA,9.7,339,"3","Y",NA
"HOW3051","HOW3","Howland",51,"ACRU","I","LIVE",14,1,2,153.9,0.289940828,18.83490451,NA,9.3,305,"3","Y",NA
"HOW3052","HOW3","Howland",52,"TSCA","D","LIVE",38.9,1,2,1188.5,2.238476331,18.83490451,NA,9.9,302,"3","Y",NA
"HOW3053","HOW3","Howland",53,"TSCA","C","LIVE",27.3,1,2,585.3,1.1025,18.83490451,NA,15.3,325,"3","Y",NA
"HOW3054","HOW3","Howland",54,"ACRU","C","LIVE",33.2,1,2,865.7,1.630532544,18.83490451,NA,18.2,305,"3","Y",NA
"HOW3055","HOW3","Howland",55,"TSCA","C","LIVE",31.6,1,2,784.3,1.477159763,18.83490451,NA,16.8,305,"3","Y",NA
"HOW3056","HOW3","Howland",56,"PCRU","C","LIVE",25.7,1,2,518.7,0.977056213,18.83490451,NA,16.8,295,"3","Y",NA
"HOW3057","HOW3","Howland",57,"PCRU","I","LIVE",23.4,1,2,430.1,0.81,18.83490451,NA,19.5,300,"3","Y",NA
"HOW3058","HOW3","Howland",58,"TSCA","C","LIVE",27.6,1,2,598.3,1.126863905,18.83490451,NA,19.1,290,"3","Y",NA
"HOW3059","HOW3","Howland",59,"TSCA","S","LIVE",10.8,1,2,91.6,0.172544379,18.83490451,NA,12.2,273,"3","Y",NA
"HOW3060","HOW3","Howland",60,"TSCA","C","LIVE",28,1,2,615.8,1.159763314,18.83490451,NA,12.4,274,"3","Y",NA
"HOW3061","HOW3","Howland",61,"TSCA","C","LIVE",44.4,1,2,1548.3,2.916213018,18.83490451,NA,13.4,276,"3","Y",NA
"HOW3062","HOW3","Howland",62,"ACRU","C","LIVE",31.1,1,2,759.6,1.430784024,18.83490451,NA,14,270,"3","Y",NA
"HOW3063","HOW3","Howland",63,"ACRU","D","LIVE",22.6,1,2,401.1,0.75556213,18.83490451,NA,18.4,280,"3","Y",NA
"HOW3064","HOW3","Howland",64,"TSCA","C","LIVE",44.5,1,2,1555.3,2.929363905,18.83490451,NA,16.1,335,"3","Y",NA
"HOW3065","HOW3","Howland",65,"PCRU","C","LIVE",34.3,1,2,924,1.740369822,18.83490451,NA,17.8,342,"3","Y",NA
"HOW3066","HOW3","Howland",66,"TSCA","C","LIVE",31.1,1,2,759.6,1.430784024,18.83490451,NA,5.3,230,"3","Y",NA
"HOW3067","HOW3","Howland",67,"TSCA","C","LIVE",25.7,1,2,518.7,0.977056213,18.83490451,NA,6.6,220,"3","Y",NA
"HOW3068","HOW3","Howland",68,"TSCA","C","LIVE",36.2,1,2,1029.2,1.93852071,18.83490451,NA,7.4,200,"3","Y",NA
"HOW3069","HOW3","Howland",69,"TSCA","S","LIVE",15.6,1,2,191.1,0.36,18.83490451,NA,7.1,185,"3","Y",NA
"HOW3070","HOW3","Howland",70,"TSCA","S","LIVE",15.4,1,2,186.3,0.350828402,18.83490451,NA,7.3,180,"3","Y",NA
"HOW3071","HOW3","Howland",71,"TSCA","D","LIVE",43.2,1,2,1465.7,2.760710059,18.83490451,NA,11.1,197,"3","Y",NA
"HOW3072","HOW3","Howland",72,"TSCA","C","LIVE",31.2,1,2,764.5,1.44,18.83490451,NA,13.7,193,"3","Y",NA
"HOW3073","HOW3","Howland",73,"ACRU","C","LIVE",27,1,2,572.6,1.078402367,18.83490451,NA,13.7,200,"3","Y",NA
"HOW3074","HOW3","Howland",74,"TSCA","S","LIVE",17,1,2,227,0.427514793,18.83490451,NA,12.7,203,"3","Y",NA
"HOW3075","HOW3","Howland",75,"TSCA","C","LIVE",18.7,1,2,274.6,0.517292899,18.83490451,NA,12.7,203,"3","Y",NA
"HOW3076","HOW3","Howland",76,"TSCA","C","LIVE",42.8,1,2,1438.7,2.709822485,18.83490451,NA,17.4,184,"3","Y",NA
"HOW3077","HOW3","Howland",77,"TSCA","C","LIVE",30.5,1,2,730.6,1.376109467,18.83490451,NA,17.4,182,"3","Y",NA
"HOW3078","HOW3","Howland",78,"TSCA","C","LIVE",36,1,2,1017.9,1.917159763,18.83490451,NA,18.7,185,"3","Y",NA
"HOW3079","HOW3","Howland",79,"TSCA","I","LIVE",22,1,2,380.1,0.715976331,18.83490451,NA,18.7,195,"3","Y",NA
"HOW3080","HOW3","Howland",80,"TSCA","C","LIVE",34,1,2,907.9,1.710059172,18.83490451,NA,14.3,215,"3","Y",NA
"HOW3081","HOW3","Howland",81,"TSCA","C","LIVE",26.6,1,2,555.7,1.046686391,18.83490451,NA,15.6,210,"3","Y",NA
"HOW3082","HOW3","Howland",82,"ACRU","C","LIVE",39.2,1,2,1206.9,2.273136095,18.83490451,NA,18.3,200,"3","Y",NA
"HOW3083","HOW3","Howland",83,"TSCA","C","LIVE",43.4,1,2,1479.3,2.786331361,18.83490451,NA,19,198,"3","Y",NA
"HOW3084","HOW3","Howland",84,"TSCA","D","LIVE",47.1,1,2,1742.3,3.281671598,18.83490451,NA,14.7,238,"3","Y",NA
"HOW3085","HOW3","Howland",85,"PCRU","I","LIVE",12.2,1,2,116.9,0.220177515,18.83490451,NA,10.2,245,"3","Y",NA
"HOW3086","HOW3","Howland",86,"TSCA","I","LIVE",13.9,1,2,151.7,0.285813609,18.83490451,NA,8.6,260,"3","Y",NA
"HOW3087","HOW3","Howland",87,"TSCA","I","LIVE",22.8,1,2,408.3,0.768994083,18.83490451,NA,15.6,265,"3","Y",NA
"HOW3088","HOW3","Howland",88,"PCRU","D","LIVE",37.1,1,2,1081,2.036109467,18.83490451,NA,16.1,253,"3","Y",NA
"TP1001","TP1","Harvard",1,"BEAL","S","LIVE",18,1,2,254.5,0.479289941,18.83490451,NA,3.2,16,"1","Y",NA
"TP1002","TP1","Harvard",2,"TSCA","S","LIVE",13.9,1,2,151.7,0.285813609,18.83490451,NA,3.3,24,"1","Y",NA
"TP1003","TP1","Harvard",3,"ACRU","I","LIVE",14,1,2,153.9,0.289940828,18.83490451,NA,9.5,42,"1","Y",1901
"TP1004","TP1","Harvard",4,"TSCA","S","LIVE",27.9,1,2,611.4,1.151494083,18.83490451,NA,8.3,64,"1","Y",1957
"TP1005","TP1","Harvard",5,"TSCA","S","LIVE",17.4,1,2,237.8,0.447869822,18.83490451,NA,11.7,54,"1","Y",1966.5
"TP1006","TP1","Harvard",6,"BEAL","I","LIVE",12.4,1,2,120.8,0.227455621,18.83490451,NA,7.6,74,"1","Y",1953
"TP1007","TP1","Harvard",7,"BEAL","I","LIVE",10.2,1,2,81.7,0.153905325,18.83490451,NA,11.4,76,"1","Y",1952.33333333333
"TP1008","TP1","Harvard",8,"ACRU","F","LIVE",20,1,2,314.2,0.591715976,18.83490451,"hollow",11.4,80,"1","Y",1924
"TP1009","TP1","Harvard",9,"TSCA","D","LIVE",13.2,1,2,136.8,0.257751479,18.83490451,NA,11.6,80,"1","Y",1974
"TP1011","TP1","Harvard",11,"FAGR","S","LIVE",14.3,1,2,160.6,0.3025,18.83490451,NA,7.2,102,"1","Y",1923
"TP1012","TP1","Harvard",12,"QURU","D","LIVE",33.9,1,2,902.6,1.700014793,18.83490451,NA,12.9,108,"1","Y",NA
"TP1013","TP1","Harvard",13,"TSCA","S","LIVE",24.3,1,2,463.8,0.873505917,18.83490451,NA,12.4,112,"1","Y",1949
"TP1014","TP1","Harvard",14,"QURU","SNAG","DEAD",31.7,1,2,789.2,1.486523669,18.83490451,"only two cores",8.5,154,"1","Y",1898
"TP1015","TP1","Harvard",15,"ACRU","I","LIVE",17.3,1,2,235.1,0.442736686,18.83490451,NA,9.7,154,"1","Y",NA
"TP1016","TP1","Harvard",16,"TSCA","S","LIVE",16.8,1,2,221.7,0.417514793,18.83490451,NA,9.9,136,"1","Y",NA
"TP1017","TP1","Harvard",17,"QURU","D","LIVE",40.6,1,2,1294.6,2.438402367,18.83490451,NA,12,154,"1","Y",1900
"TP1018","TP1","Harvard",18,"TSCA","S","LIVE",23.2,1,2,422.7,0.796213018,18.83490451,NA,12,160,"1","Y",1954
"TP1019","TP1","Harvard",19,"TSCA","S","LIVE",16.4,1,2,211.2,0.397869822,18.83490451,NA,9.6,164,"1","Y",1959
"TP1020","TP1","Harvard",20,"BEAL","I","LIVE",12.3,1,2,118.8,0.223801775,18.83490451,NA,9.5,188,"1","Y",1955
"TP1021","TP1","Harvard",21,"QURU","SNAG","DEAD",21.3,1,2,356.3,0.671139053,18.83490451,NA,11.9,186,"1","Y",NA
"TP1022","TP1","Harvard",22,"QURU","D","LIVE",36.5,1,2,1046.3,1.970784024,18.83490451,NA,5,204,"1","Y",1917
"TP1023","TP1","Harvard",23,"QURU","SNAG","DEAD",23.4,1,2,430.1,0.81,18.83490451,NA,8.7,196,"1","Y",1902
"TP1024","TP1","Harvard",24,"BEAL","I","LIVE",37.9,1,2,1128.2,2.124866864,18.83490451,NA,5.2,260,"1","Y",1914
"TP1025","TP1","Harvard",25,"QURU","D","LIVE",37.7,1,2,1116.3,2.1025,18.83490451,NA,10.7,214,"1","Y",1909
"TP1026","TP1","Harvard",26,"TSCA","S","LIVE",10.6,1,2,88.2,0.166213018,18.83490451,NA,10.9,190,"1","Y",1944
"TP1027","TP1","Harvard",27,"TSCA","S","LIVE",18.4,1,2,265.9,0.500828402,18.83490451,NA,12.4,204,"1","Y",1951
"TP1028","TP1","Harvard",28,"TSCA","S","LIVE",19.5,1,2,298.6,0.5625,18.83490451,NA,11.3,249,"1","Y",1961.33333333333
"TP1029","TP1","Harvard",29,"TSCA","S","LIVE",10.8,1,2,91.6,0.172544379,18.83490451,NA,3.7,310,"1","Y",NA
"TP1030","TP1","Harvard",30,"ACRU","SNAG","DEAD",20.2,1,2,320.5,0.603609467,18.83490451,NA,8.4,288,"1",NA,NA
"TP1031","TP1","Harvard",31,"ACRU","I","LIVE",19,1,2,283.5,0.534023669,18.83490451,NA,10.6,288,"1","Y",1898.33333333333
"TP1032","TP1","Harvard",32,"TSCA","S","LIVE",18,1,2,254.5,0.479289941,18.83490451,NA,7.3,308,"1","Y",NA
"TP1033","TP1","Harvard",33,"TSCA","S","LIVE",12.7,1,2,126.7,0.238594675,18.83490451,NA,8.8,302,"1","Y",1963
"TP1034","TP1","Harvard",34,"QURU","D","LIVE",47.3,1,2,1757.2,3.309600592,18.83490451,NA,12.3,300,"1","Y",1901
"TP1035","TP1","Harvard",35,"TSCA","S","LIVE",22.4,1,2,394.1,0.742248521,18.83490451,NA,12.2,308,"1","Y",NA
"TP1036","TP1","Harvard",36,"TSCA","S","LIVE",12.4,1,2,120.8,0.227455621,18.83490451,NA,10.6,312,"1","Y",1958.5
"TP1037","TP1","Harvard",37,"ACRU","I","LIVE",13.6,1,2,145.3,0.273609467,18.83490451,"dead and rotten; not cored",6.1,334,"1",NA,NA
"TP1038","TP1","Harvard",38,"ACRU","S","LIVE",19.7,1,2,304.8,0.574097633,18.83490451,"hollow",6.8,328,"1","Y",1932
"TP1039","TP1","Harvard",39,"QURU","I","LIVE",53,1,2,2206.2,4.155325444,18.83490451,"cored from same stem at Tree 42",9.9,4,"1","Y",1907.33333333333
"TP1040","TP1","Harvard",40,"FAGR","I","LIVE",13.3,1,2,138.9,0.261671598,18.83490451,NA,11,346,"1","Y",1959.66666666667
"TP1041","TP1","Harvard",41,"TSCA","S","LIVE",16.4,1,2,211.2,0.397869822,18.83490451,"Canopy is almost gone; rotten inside; pit and mount topography",12.9,9,"1","Y",1971
"TP1042","TP1","Harvard",42,"QURU","D","LIVE",32.8,1,2,845,1.59147929,18.83490451,"cored from same stem as Tree 39",9.9,4,"1","Y",NA
"TP1043","TP1","Harvard",43,"QURU","C","LIVE",37.7,1,2,1116.3,2.1025,18.83490451,NA,15.2,34,"1","Y",NA
"TP1044","TP1","Harvard",44,"QURU","C","LIVE",43.3,1,2,1472.5,2.773505917,18.83490451,NA,15.8,50,"1","Y",1898.5
"TP1045","TP1","Harvard",45,"TSCA","S","LIVE",20.7,1,2,336.5,0.633860947,18.83490451,NA,16.2,56,"1","Y",NA
"TP1046","TP1","Harvard",46,"QURU","C","LIVE",34,1,2,907.9,1.710059172,18.83490451,NA,16.1,60,"1","Y",NA
"TP1047","TP1","Harvard",47,"QURU","C","LIVE",44.2,1,2,1534.4,2.89,18.83490451,NA,17.6,74,"1","Y",NA
"TP1048","TP1","Harvard",48,"PIST","S","LIVE",23.5,1,2,433.7,0.81693787,18.83490451,NA,15.9,80,"1","Y",NA
"TP1049","TP1","Harvard",49,"QUVE","C","LIVE",28,1,2,615.8,1.159763314,18.83490451,NA,15,93,"1","Y",NA
"TP1050","TP1","Harvard",50,"QURU","I","LIVE",27.1,1,2,576.8,1.086405325,18.83490451,NA,19.7,105,"1","Y",1904
"TP1051","TP1","Harvard",51,"TSCA","S","LIVE",30.6,1,2,735.4,1.385147929,18.83490451,NA,16.8,109,"1","Y",NA
"TP1052","TP1","Harvard",52,"QURU","C","LIVE",37.3,1,2,1092.7,2.058121302,18.83490451,NA,14,102,"1","Y",NA
"TP1053","TP1","Harvard",53,"QURU","D","LIVE",44,1,2,1520.5,2.863905325,18.83490451,NA,13.8,130,"1","Y",1902.5
"TP1054","TP1","Harvard",54,"QURU","C","LIVE",32.8,1,2,845,1.59147929,18.83490451,NA,17.5,122,"1","Y",1900.5
"TP1055","TP1","Harvard",55,"QURU","S","LIVE",27.5,1,2,594,1.118713018,18.83490451,NA,16.6,139,"1","Y",NA
"TP1056","TP1","Harvard",56,"QURU","C","LIVE",41,1,2,1320.3,2.486686391,18.83490451,NA,13.1,150,"1","Y",NA
"TP1057","TP1","Harvard",57,"QURU","C","LIVE",38.5,1,2,1164.2,2.192677515,18.83490451,NA,19.4,168,"1","Y",1906.5
"TP1058","TP1","Harvard",58,"TSCA","S","LIVE",23.7,1,2,441.2,0.830902367,18.83490451,NA,17.3,174,"1","Y",NA
"TP1059","TP1","Harvard",59,"TSCA","S","LIVE",33.7,1,2,892,1.680014793,18.83490451,NA,18.2,186,"1","Y",NA
"TP1060","TP1","Harvard",60,"QURU","C","LIVE",38.1,1,2,1140.1,2.147352071,18.83490451,NA,16.8,188,"1","Y",NA
"TP1061","TP1","Harvard",61,"QUVE","C","LIVE",36.9,1,2,1069.4,2.014215976,18.83490451,NA,13.2,194,"1","Y",NA
"TP1062","TP1","Harvard",62,"QURU","C","LIVE",36.9,1,2,1069.4,2.014215976,18.83490451,NA,17,204,"1","Y",NA
"TP1063","TP1","Harvard",63,"PIST","I","LIVE",31.8,1,2,794.2,1.49591716,18.83490451,NA,18.3,205,"1","Y",NA
"TP1064","TP1","Harvard",64,"QURU","C","LIVE",31.3,1,2,769.4,1.449245562,18.83490451,NA,15.7,209,"1","Y",NA
"TP1065","TP1","Harvard",65,"QURU","I","LIVE",24.6,1,2,475.3,0.895207101,18.83490451,NA,14.7,228,"1","Y",NA
"TP1066","TP1","Harvard",66,"QURU","C","LIVE",35.6,1,2,995.4,1.874792899,18.83490451,NA,17.7,237,"1","Y",NA
"TP1067","TP1","Harvard",67,"TSCA","S","LIVE",23.5,1,2,433.7,0.81693787,18.83490451,NA,14.8,241,"1","Y",NA
"TP1068","TP1","Harvard",68,"QUVE","C","LIVE",47.3,1,2,1757.2,3.309600592,18.83490451,NA,18.3,250,"1","Y",NA
"TP1069","TP1","Harvard",69,"TSCA","S","LIVE",31.5,1,2,779.3,1.467825444,18.83490451,NA,16.7,263,"1","Y",NA
"TP1070","TP1","Harvard",70,"QURU","C","LIVE",43.7,1,2,1499.9,2.824985207,18.83490451,NA,13.3,268,"1","Y",NA
"TP1071","TP1","Harvard",71,"QURU","C","LIVE",39,1,2,1194.6,2.25,18.83490451,NA,20,290,"1","Y",1901.5
"TP1072","TP1","Harvard",72,"TSCA","S","LIVE",23.7,1,2,441.2,0.830902367,18.83490451,NA,14.3,302,"1","Y",NA
"TP1073","TP1","Harvard",73,"TSCA","S","LIVE",35.2,1,2,973.1,1.832899408,18.83490451,NA,19.3,314,"1","Y",NA
"TP1074","TP1","Harvard",74,"TSCA","S","LIVE",21.2,1,2,353,0.664852071,18.83490451,NA,16.3,327,"1","Y",NA
"TP1075","TP1","Harvard",75,"QURU","C","LIVE",48.3,1,2,1832.2,3.45102071,18.83490451,NA,19.7,359,"1","Y",NA
"TP1079","TP1","Harvard",79,NA,"SNAG","DEAD",39.8,1,2,1244.1,2.343254438,18.83490451,NA,16,2,"1",NA,NA
"TP1080","TP1","Harvard",80,NA,"SNAG","DEAD",26.8,1,2,564.1,1.062485207,18.83490451,NA,15.1,2,"1",NA,NA
"TP1082","TP1","Harvard",82,NA,"SNAG","DEAD",29.9,1,2,702.2,1.3225,18.83490451,NA,3.4,184,"1",NA,NA
"TP1083","TP1","Harvard",83,"TSCA","SNAG","DEAD",10.6,1,2,88.2,0.166213018,18.83490451,NA,7.6,206,"1",NA,NA
"TP1084","TP1","Harvard",84,NA,"SNAG","DEAD",52.3,1,2,2148.3,4.046286982,18.83490451,NA,16.3,208,"1",NA,NA
"TP1086","TP1","Harvard",86,NA,"SNAG","DEAD",45.1,1,2,1597.5,3.008890533,18.83490451,NA,17.1,243,"1",NA,NA
"TP1087","TP1","Harvard",87,NA,"SNAG","DEAD",36.1,1,2,1023.5,1.927825444,18.83490451,NA,17.3,223,"1",NA,NA
"TP1088","TP1","Harvard",88,NA,"SNAG","DEAD",10.1,1,2,80.1,0.150902367,18.83490451,NA,8.3,280,"1",NA,NA
"TP2001","TP2","Harvard",1,"BEAL","S","LIVE",21.1,1,2,349.7,0.658594675,18.83490451,"cored from same stem as tree 2",1.5,48,"2","Y",1936
"TP2002","TP2","Harvard",2,"BEAL","S","LIVE",25.9,1,2,526.9,0.992322485,18.83490451,"cored from same stem as tree 1; cores unaccounted for from field",1.8,48,"2",NA,NA
"TP2003","TP2","Harvard",3,"ACRU","S","LIVE",14,1,2,153.9,0.289940828,18.83490451,NA,2.3,16,"2","Y",1929
"TP2004","TP2","Harvard",4,"PIAB","S","LIVE",19.6,1,2,301.7,0.568284024,18.83490451,NA,9.2,72,"2","Y",1929.66666666667
"TP2005","TP2","Harvard",5,"QURU","D","LIVE",43.9,1,2,1513.6,2.850902367,18.83490451,NA,8.6,50,"2","Y",1937.33333333333
"TP2006","TP2","Harvard",6,"QURU","I","LIVE",22.3,1,2,390.6,0.735636095,18.83490451,NA,4.8,22,"2","Y",1931
"TP2007","TP2","Harvard",7,"ACRU","S","LIVE",11.3,1,2,100.3,0.188890533,18.83490451,NA,5.4,42,"2","Y",1929
"TP2008","TP2","Harvard",8,"QURU","C","LIVE",35.4,1,2,984.2,1.853786982,18.83490451,"cored from same stem as tree 9",8,30,"2","Y",1938
"TP2009","TP2","Harvard",9,"QURU","S","LIVE",19,1,2,283.5,0.534023669,18.83490451,"cored from same stem as tree 8; dead and rotten; not cored",7.9,34,"2",NA,NA
"TP2010","TP2","Harvard",10,"TSCA","S","LIVE",16.8,1,2,221.7,0.417514793,18.83490451,NA,7.2,4,"2","Y",1933.66666666667
"TP2011","TP2","Harvard",11,"BEAL","I","LIVE",17.1,1,2,229.7,0.432559172,18.83490451,NA,9.9,0,"2","Y",1931.33333333333
"TP2012","TP2","Harvard",12,"BEAL","S","LIVE",14.2,1,2,158.4,0.298284024,18.83490451,"incorrectly marked in field as FAGR; actually BEAL",8.4,18,"2","Y",1933
"TP2013","TP2","Harvard",13,"ACRU","I","LIVE",12.1,1,2,115,0.21658284,18.83490451,NA,9.5,20,"2","Y",1934
"TP2014","TP2","Harvard",14,"QURU","D","LIVE",36.9,1,2,1069.4,2.014215976,18.83490451,NA,11.8,32,"2","Y",1936
"TP2015","TP2","Harvard",15,"ACRU","S","LIVE",13.4,1,2,141,0.265621302,18.83490451,NA,12.6,18,"2","Y",1931
"TP2016","TP2","Harvard",16,"ACRU","S","LIVE",10.1,1,2,80.1,0.150902367,18.83490451,NA,11.3,70,"2","Y",NA
"TP2017","TP2","Harvard",17,"QURU","D","LIVE",36.8,1,2,1063.6,2.003313609,18.83490451,NA,10,100,"2","Y",1933
"TP2018","TP2","Harvard",18,"QURU","D","LIVE",29.7,1,2,692.8,1.304866864,18.83490451,NA,11.5,132,"2","Y",NA
"TP2019","TP2","Harvard",19,"QURU","C","LIVE",33.4,1,2,876.2,1.650236686,18.83490451,NA,8.5,124,"2","Y",NA
"TP2020","TP2","Harvard",20,"ACRU","S","LIVE",10.2,1,2,81.7,0.153905325,18.83490451,NA,11.5,98,"2","Y",1929
"TP2021","TP2","Harvard",21,"ACRU","I","LIVE",16.5,1,2,213.8,0.402736686,18.83490451,NA,12.6,116,"2","Y",1937
"TP2022","TP2","Harvard",22,"TSCA","S","LIVE",10.6,1,2,88.2,0.166213018,18.83490451,"dead and rotten; not cored",3.9,144,"2",NA,NA
"TP2023","TP2","Harvard",23,"TSCA","S","LIVE",15.8,1,2,196.1,0.369289941,18.83490451,"dead and rotten; not cored",5.4,130,"2",NA,NA
"TP2024","TP2","Harvard",24,"QURU","C","LIVE",30,1,2,706.9,1.331360947,18.83490451,NA,6.7,158,"2","Y",1931
"TP2026","TP2","Harvard",26,"QURU","S","LIVE",20.4,1,2,326.9,0.615621302,18.83490451,NA,12.2,150,"2","Y",NA
"TP2027","TP2","Harvard",27,"QURU","I","LIVE",28.5,1,2,637.9,1.201553254,18.83490451,NA,5.6,180,"2","Y",1938
"TP2028","TP2","Harvard",28,"ACRU","S","LIVE",12.7,1,2,126.7,0.238594675,18.83490451,NA,9.8,190,"2","Y",NA
"TP2029","TP2","Harvard",29,"FAGR","S","LIVE",18.2,1,2,260.2,0.49,18.83490451,NA,4.7,189,"2","Y",NA
"TP2030","TP2","Harvard",30,"ACRU","S","LIVE",10.8,1,2,91.6,0.172544379,18.83490451,NA,6.3,206,"2","Y",1929
"TP2031","TP2","Harvard",31,"QURU","D","LIVE",27.9,1,2,611.4,1.151494083,18.83490451,NA,11.2,184,"2","Y",1937.33333333333
"TP2032","TP2","Harvard",32,"BEAL","S","LIVE",24.7,1,2,479.2,0.9025,18.83490451,"dead and rotten; not cored",11.3,186,"2",NA,NA
"TP2033","TP2","Harvard",33,"QURU","I","LIVE",30.8,1,2,745.1,1.403313609,18.83490451,NA,12.9,190,"2","Y",NA
"TP2034","TP2","Harvard",34,"BEAL","S","LIVE",20.9,1,2,343.1,0.646168639,18.83490451,NA,11,194,"2","Y",1941
"TP2035","TP2","Harvard",35,"ACRU","C","LIVE",22.1,1,2,383.6,0.7225,18.83490451,NA,11.7,204,"2","Y",NA
"TP2036","TP2","Harvard",36,"BEAL","S","LIVE",20.4,1,2,326.9,0.615621302,18.83490451,NA,10.2,212,"2","Y",1933
"TP2037","TP2","Harvard",37,NA,"S","LIVE",11,1,2,95,0.178994083,18.83490451,"dead and rotten; not cored",10.8,210,"2",NA,NA
"TP2038","TP2","Harvard",38,"QURU","I","LIVE",19.5,1,2,298.6,0.5625,18.83490451,NA,6.9,226,"2","Y",1938
"TP2039","TP2","Harvard",39,"PIAB","S","LIVE",12.8,1,2,128.7,0.242366864,18.83490451,NA,7.6,232,"2","Y",NA
"TP2040","TP2","Harvard",40,NA,"S","LIVE",12,1,2,113.1,0.213017751,18.83490451,NA,8.8,240,"2",NA,NA
"TP2041","TP2","Harvard",41,"QURU","C","LIVE",52.9,1,2,2197.9,4.139659763,18.83490451,"cored from same stem as tree 42",11.3,258,"2","Y",1933.33333333333
"TP2042","TP2","Harvard",42,"QURU","C","LIVE",46,1,2,1661.9,3.130177515,18.83490451,"cored from same stem as tree 41; branches into 2 stems above breast height",10.5,258,"2","Y",1938
"TP2043","TP2","Harvard",43,"ACRU","S","LIVE",13.4,1,2,141,0.265621302,18.83490451,NA,12.2,250,"2","Y",1938.5
"TP2044","TP2","Harvard",44,"QURU","I","LIVE",31.6,1,2,784.3,1.477159763,18.83490451,NA,1.1,298,"2","Y",1938
"TP2045","TP2","Harvard",45,"QURU","D","LIVE",33.4,1,2,876.2,1.650236686,18.83490451,NA,4.3,298,"2","Y",NA
"TP2046","TP2","Harvard",46,"BEAL","S","LIVE",18.8,1,2,277.6,0.522840237,18.83490451,NA,5.6,280,"2","Y",1931.33333333333
"TP2047","TP2","Harvard",47,"BEAL","S","LIVE",17.2,1,2,232.4,0.437633136,18.83490451,NA,7.7,274,"2","Y",1931
"TP2048","TP2","Harvard",48,"BEAL","S","LIVE",12.5,1,2,122.7,0.231139053,18.83490451,NA,12.2,272,"2","Y",1930
"TP2049","TP2","Harvard",49,"QURU","I","LIVE",28.6,1,2,642.4,1.21,18.83490451,NA,11.9,284,"2","Y",NA
"TP2050","TP2","Harvard",50,"ACRU","S","LIVE",12.2,1,2,116.9,0.220177515,18.83490451,NA,6.4,334,"2","Y",1933
"TP2051","TP2","Harvard",51,"QURU","S","LIVE",22.4,1,2,394.1,0.742248521,18.83490451,NA,8.9,332,"2","Y",NA
"TP2052","TP2","Harvard",52,"TSCA","S","LIVE",16.6,1,2,216.4,0.407633136,18.83490451,"cored from same stem as tree 53",11.5,334,"2","Y",NA
"TP2053","TP2","Harvard",53,"TSCA","S","LIVE",13,1,2,132.7,0.25,18.83490451,"cored from same stem as tree 52",11.3,334,"2","Y",1957
"TP2054","TP2","Harvard",54,"QURU","D","LIVE",31.7,1,2,789.2,1.486523669,18.83490451,NA,11.5,343,"2","Y",1933
"TP2055","TP2","Harvard",55,"QURU","C","LIVE",30.4,1,2,725.8,1.367100592,18.83490451,"cored from same stem as tree 56 and 57",11.5,308,"2","Y",NA
"TP2056","TP2","Harvard",56,"QURU","C","LIVE",25.1,1,2,494.8,0.931967456,18.83490451,NA,11.5,306,"2","Y",NA
"TP2057","TP2","Harvard",57,"QURU","I","LIVE",27.9,1,2,611.4,1.151494083,18.83490451,NA,11.1,306,"2","Y",1931
"TP2058","TP2","Harvard",58,"BELE","C","LIVE",29.5,1,2,683.5,1.287352071,18.83490451,NA,14,6,"2","Y",NA
"TP2059","TP2","Harvard",59,"PIST","C","LIVE",40.9,1,2,1313.8,2.474571006,18.83490451,NA,18.5,33,"2","Y",NA
"TP2060","TP2","Harvard",60,"QURU","I","LIVE",21.3,1,2,356.3,0.671139053,18.83490451,NA,14.7,21,"2","Y",NA
"TP2061","TP2","Harvard",61,"PIST","C","LIVE",48,1,2,1809.6,3.408284024,18.83490451,NA,19.3,46,"2","Y",1935.5
"TP2062","TP2","Harvard",62,"QURU","C","LIVE",36.1,1,2,1023.5,1.927825444,18.83490451,NA,15.7,50,"2","Y",NA
"TP2063","TP2","Harvard",63,"QURU","S","LIVE",22.3,1,2,390.6,0.735636095,18.83490451,NA,16.1,54,"2","Y",NA
"TP2064","TP2","Harvard",64,"PIST","D","LIVE",43.2,1,2,1465.7,2.760710059,18.83490451,NA,18.2,80,"2","Y",NA
"TP2065","TP2","Harvard",65,"PIAB","S","LIVE",20.6,1,2,333.3,0.627751479,18.83490451,NA,13.1,86,"2","Y",NA
"TP2066","TP2","Harvard",66,"QURU","D","LIVE",43.6,1,2,1493,2.812071006,18.83490451,NA,16.9,110,"2","Y",NA
"TP2067","TP2","Harvard",67,"QURU","C","LIVE",34.6,1,2,940.2,1.770946746,18.83490451,NA,19.3,133,"2","Y",1935.5
"TP2068","TP2","Harvard",68,"QURU","C","LIVE",30.6,1,2,735.4,1.385147929,18.83490451,NA,18.7,134,"2","Y",1936
"TP2069","TP2","Harvard",69,"QURU","C","LIVE",39.9,1,2,1250.4,2.355044379,18.83490451,NA,14.8,149,"2","Y",NA
"TP2070","TP2","Harvard",70,"QURU","C","LIVE",36.5,1,2,1046.3,1.970784024,18.83490451,"next to stone wall",17.3,154,"2","Y",NA
"TP2071","TP2","Harvard",71,"TSCA","S","LIVE",32.7,1,2,839.8,1.581789941,18.83490451,NA,14.5,166,"2","Y",NA
"TP2072","TP2","Harvard",72,"QURU","C","LIVE",32.1,1,2,809.3,1.524275148,18.83490451,NA,18.4,170,"2","Y",NA
"TP2073","TP2","Harvard",73,"QURU","C","LIVE",29.8,1,2,697.5,1.313668639,18.83490451,NA,18.3,168,"2","Y",NA
"TP2074","TP2","Harvard",74,"QURU","C","LIVE",32.8,1,2,845,1.59147929,18.83490451,NA,16.4,182,"2","Y",1951.5
"TP2075","TP2","Harvard",75,"QURU","SNAG","DEAD",23,1,2,415.5,0.782544379,18.83490451,"missing some bark",17,221,"2",NA,NA
"TP2076","TP2","Harvard",76,"ACRU","S","LIVE",20.9,1,2,343.1,0.646168639,18.83490451,NA,13.5,245,"2","Y",NA
"TP2077","TP2","Harvard",77,"QURU","S","LIVE",23.9,1,2,448.6,0.844985207,18.83490451,NA,18.7,252,"2","Y",NA
"TP2078","TP2","Harvard",78,"TSCA","S","LIVE",26.8,1,2,564.1,1.062485207,18.83490451,NA,17.3,280,"2","Y",NA
"TP2079","TP2","Harvard",79,"QURU","S","LIVE",21.5,1,2,363.1,0.683801775,18.83490451,NA,13.7,290,"2","Y",NA
"TP2080","TP2","Harvard",80,"QURU","C","LIVE",32.5,1,2,829.6,1.5625,18.83490451,NA,15.4,328,"2","Y",NA
"TP2081","TP2","Harvard",81,"QURU","C","LIVE",31,1,2,754.8,1.421597633,18.83490451,NA,14.8,326,"2","Y",NA
"TP2082","TP2","Harvard",82,"QURU","SNAG","DEAD",20.4,1,2,326.9,0.615621302,18.83490451,NA,13.4,329,"2","Y",1932
"TP2083","TP2","Harvard",83,"QURU","C","LIVE",29.2,1,2,669.7,1.261301775,18.83490451,NA,17.2,336,"2","Y",NA
"TP2084","TP2","Harvard",84,"TSCA","S","LIVE",37,1,2,1075.2,2.025147929,18.83490451,NA,14,346,"2","Y",NA
"TP2085","TP2","Harvard",85,"QURU","I","LIVE",22.4,1,2,394.1,0.742248521,18.83490451,NA,16.9,355,"2","Y",NA
"TP2086","TP2","Harvard",86,"QURU","C","LIVE",28.5,1,2,637.9,1.201553254,18.83490451,NA,17.5,356,"2","Y",NA
"TP2091","TP2","Harvard",91,NA,"SNAG","DEAD",36.1,1,2,1023.5,1.927825444,18.83490451,NA,16.3,141,"2",NA,NA
"TP2093","TP2","Harvard",93,NA,"SNAG","DEAD",16.9,1,2,224.3,0.4225,18.83490451,NA,12.2,130,"2",NA,NA
"TP2094","TP2","Harvard",94,NA,"SNAG","DEAD",23.1,1,2,419.1,0.789363905,18.83490451,NA,17,130,"2",NA,NA
"TP2096","TP2","Harvard",96,NA,"SNAG","DEAD",29.9,1,2,702.2,1.3225,18.83490451,NA,17.6,77,"2",NA,NA
"TP2097","TP2","Harvard",97,NA,"SNAG","DEAD",11.2,1,2,98.5,0.18556213,18.83490451,NA,11.7,64,"2",NA,NA
"TP2098","TP2","Harvard",98,NA,"SNAG","DEAD",31.7,1,2,789.2,1.486523669,18.83490451,NA,10.2,76,"2",NA,NA
"TP2099","TP2","Harvard",99,NA,"SNAG","DEAD",32.8,1,2,845,1.59147929,18.83490451,NA,10.9,74,"2",NA,NA
"TP2102","TP2","Harvard",102,"QURU","SNAG","DEAD",16.5,1,2,213.8,0.402736686,18.83490451,NA,5.8,342,"2",NA,NA
"TP2103","TP2","Harvard",103,NA,"SNAG","DEAD",22.6,1,2,401.1,0.75556213,18.83490451,NA,18.7,342,"2",NA,NA
"TP2104","TP2","Harvard",104,NA,"SNAG","DEAD",20.2,1,2,320.5,0.603609467,18.83490451,NA,18.3,18,"2",NA,NA
"TP2105","TP2","Harvard",105,NA,"SNAG","DEAD",30.8,1,2,745.1,1.403313609,18.83490451,NA,16.1,30,"2",NA,NA
"TP2106","TP2","Harvard",106,NA,"SNAG","DEAD",11.2,1,2,98.5,0.18556213,18.83490451,NA,12.2,47,"2",NA,NA
"TP2109","TP2","Harvard",109,NA,"SNAG","DEAD",38.8,1,2,1182.4,2.226982249,18.83490451,NA,6.7,320,"2",NA,NA
"TP2111","TP2","Harvard",111,NA,"SNAG","DEAD",22,1,2,380.1,0.715976331,18.83490451,NA,5.3,260,"2",NA,NA
"TP2121","TP2","Harvard",121,NA,"SNAG","DEAD",19.1,1,2,286.5,0.539659763,18.83490451,NA,9,337,"2",NA,NA
"TP2122","TP2","Harvard",122,NA,"SNAG","DEAD",21,1,2,346.4,0.652366864,18.83490451,NA,7.7,310,"2",NA,NA
"TP2123","TP2","Harvard",123,NA,"SNAG","DEAD",23.1,1,2,419.1,0.789363905,18.83490451,NA,6.3,316,"2",NA,NA
"TP2124","TP2","Harvard",124,NA,"SNAG","DEAD",19.3,1,2,292.6,0.55102071,18.83490451,NA,17.5,316,"2",NA,NA
"TP2125","TP2","Harvard",125,NA,"SNAG","DEAD",18.1,1,2,257.3,0.484630178,18.83490451,NA,9.8,312,"2",NA,NA
"TP2126","TP2","Harvard",126,NA,"SNAG","DEAD",22.9,1,2,411.9,0.775754438,18.83490451,NA,10.9,309,"2",NA,NA
"TP2127","TP2","Harvard",127,NA,"SNAG","DEAD",25,1,2,490.9,0.924556213,18.83490451,NA,10.4,296,"2",NA,NA
